Date,Symbol,Close,Volume
2025-01-20,2308.TW,419.5368347167969,4669776
2025-01-20,2317.TW,171.76194763183594,33266229
2025-01-20,2330.TW,1101.9976806640625,29834528
2025-01-20,2382.TW,254.84239196777344,24130889
2025-01-20,2454.TW,1390.1558837890625,3956489
2025-01-20,2603.TW,173.19676208496094,9374423
2025-01-20,2609.TW,60.12010955810547,31323686
2025-01-20,3231.TW,108.78331756591797,90196805
2025-01-21,2308.TW,414.1329650878906,6449745
2025-01-21,2317.TW,172.2444305419922,31745824
2025-01-21,2330.TW,1101.9976806640625,21904213
2025-01-21,2382.TW,256.7513122558594,12185918
2025-01-21,2454.TW,1409.396728515625,4428280
2025-01-21,2603.TW,174.49899291992188,10063298
2025-01-21,2609.TW,60.030513763427734,28318628
2025-01-21,3231.TW,107.81635284423828,42010397
2025-01-22,2308.TW,429.8533020019531,9474389
2025-01-22,2317.TW,173.69186401367188,43634401
2025-01-22,2330.TW,1116.7564697265625,42960405
2025-01-22,2382.TW,257.2285461425781,21735937
2025-01-22,2454.TW,1409.396728515625,6502859
2025-01-22,2603.TW,177.5375213623047,9518615
2025-01-22,2609.TW,60.74729537963867,21327317
2025-01-22,3231.TW,106.36590576171875,40885630
2025-02-03,2308.TW,392.0262145996094,20139532
2025-02-03,2317.TW,159.70001220703125,155112848
2025-02-03,2330.TW,1052.80126953125,97946226
2025-02-03,2382.TW,231.93521118164062,56989643
2025-02-03,2454.TW,1443.068359375,18533177
2025-02-03,2603.TW,175.8012237548828,14811031
2025-02-03,2609.TW,59.2241325378418,28964296
2025-02-03,3231.TW,96.69628143310547,54785676
2025-02-04,2308.TW,390.0611572265625,9534874
2025-02-04,2317.TW,159.21754455566406,62817481
2025-02-04,2330.TW,1077.3994140625,53308108
2025-02-04,2382.TW,224.2994842529297,58985951
2025-02-04,2454.TW,1433.4478759765625,8166768
2025-02-04,2603.TW,169.72413635253906,20603466
2025-02-04,2609.TW,57.79056930541992,32798192
2025-02-04,3231.TW,95.72931671142578,43678547
2025-02-05,2308.TW,398.41259765625,6548251
2025-02-05,2317.TW,165.00726318359375,50787569
2025-02-05,2330.TW,1092.158203125,40385340
2025-02-05,2382.TW,229.07180786132812,33545796
2025-02-05,2454.TW,1467.1195068359375,9064753
2025-02-05,2603.TW,177.9716033935547,18492244
2025-02-05,2609.TW,60.65769577026367,33198581
2025-02-05,3231.TW,98.63020324707031,27927644
2025-02-06,2308.TW,409.71160888671875,8811916
2025-02-06,2317.TW,166.9371795654297,40235011
2025-02-06,2330.TW,1097.077880859375,29971252
2025-02-06,2382.TW,231.45797729492188,26217854
2025-02-06,2454.TW,1467.1195068359375,9371366
2025-02-06,2603.TW,177.9716033935547,5513507
2025-02-06,2609.TW,60.030513763427734,14100655
2025-02-06,3231.TW,100.08065032958984,23121606
2025-02-07,2308.TW,407.7465515136719,4812142
2025-02-07,2317.TW,171.76194763183594,50334024
2025-02-07,2330.TW,1106.917236328125,27883220
2025-02-07,2382.TW,240.525390625,26247358
2025-02-07,2454.TW,1467.1195068359375,6741142
2025-02-07,2603.TW,178.83975219726562,11617259
2025-02-07,2609.TW,60.3889045715332,12988018
2025-02-07,3231.TW,101.04761505126953,16664981
2025-02-10,2308.TW,397.4300842285156,5268719
2025-02-10,2317.TW,167.90213012695312,35975740
2025-02-10,2330.TW,1087.238525390625,28527108
2025-02-10,2382.TW,240.525390625,23013509
2025-02-10,2454.TW,1423.827392578125,8922872
2025-02-10,2603.TW,179.70791625976562,13557519
2025-02-10,2609.TW,60.74729537963867,17787685
2025-02-10,3231.TW,100.56413269042969,16330916
2025-02-11,2308.TW,394.9737854003906,6778905
2025-02-11,2317.TW,172.72691345214844,69282654
2025-02-11,2330.TW,1092.158203125,18898928
2025-02-11,2382.TW,246.252197265625,26993684
2025-02-11,2454.TW,1452.6888427734375,8486272
2025-02-11,2603.TW,184.48275756835938,14379760
2025-02-11,2609.TW,60.74729537963867,18674249
2025-02-11,3231.TW,104.4319839477539,32358384
2025-02-12,2308.TW,393.9912414550781,3916708
2025-02-12,2317.TW,170.7969970703125,41760435
2025-02-12,2330.TW,1082.319091796875,24172954
2025-02-12,2382.TW,246.252197265625,15061730
2025-02-12,2454.TW,1428.6375732421875,7865557
2025-02-12,2603.TW,184.48275756835938,16624000
2025-02-12,2609.TW,61.284881591796875,24340041
2025-02-12,3231.TW,104.91546630859375,25482416
2025-02-13,2308.TW,397.9213562011719,5636862
2025-02-13,2317.TW,173.69186401367188,40054109
2025-02-13,2330.TW,1072.479736328125,33210403
2025-02-13,2382.TW,248.1611328125,18791431
2025-02-13,2454.TW,1462.3092041015625,4576098
2025-02-13,2603.TW,187.08721923828125,8421887
2025-02-13,2609.TW,62.808040618896484,26189942
2025-02-13,3231.TW,108.29983520507812,58409910
2025-02-14,2308.TW,393.9912414550781,4860464
2025-02-14,2317.TW,171.76194763183594,26170902
2025-02-14,2330.TW,1042.9619140625,64486940
2025-02-14,2382.TW,248.1611328125,14717100
2025-02-14,2454.TW,1447.8785400390625,4726126
2025-02-14,2603.TW,183.61460876464844,14012251
2025-02-14,2609.TW,62.987239837646484,19322184
2025-02-14,3231.TW,107.81635284423828,16031386
2025-02-17,2308.TW,398.90386962890625,4526789
2025-02-17,2317.TW,176.104248046875,46052153
2025-02-17,2330.TW,1067.5601806640625,35491271
2025-02-17,2382.TW,248.6383514404297,8036847
2025-02-17,2454.TW,1486.3603515625,7603778
2025-02-17,2603.TW,187.52130126953125,8923409
2025-02-17,2609.TW,63.793617248535156,17565542
2025-02-17,3231.TW,109.26679992675781,33639639
2025-02-18,2308.TW,384.1660461425781,20018112
2025-02-18,2317.TW,177.06919860839844,26614265
2025-02-18,2330.TW,1082.319091796875,21616188
2025-02-18,2382.TW,252.4562225341797,11471037
2025-02-18,2454.TW,1476.7398681640625,5362376
2025-02-18,2603.TW,189.2576141357422,9919047
2025-02-18,2609.TW,64.06241607666016,15346009
2025-02-18,3231.TW,112.16768646240234,45684342
2025-02-19,2308.TW,385.1485595703125,7986505
2025-02-19,2317.TW,176.58673095703125,33998620
2025-02-19,2330.TW,1072.479736328125,26400293
2025-02-19,2382.TW,257.2285461425781,23284384
2025-02-19,2454.TW,1481.5501708984375,4447177
2025-02-19,2603.TW,188.8235321044922,6971447
2025-02-19,2609.TW,64.24160766601562,11446735
2025-02-19,3231.TW,112.16768646240234,31711292
2025-02-20,2308.TW,383.1835021972656,7510785
2025-02-20,2317.TW,175.62176513671875,23201907
2025-02-20,2330.TW,1062.6405029296875,29643124
2025-02-20,2382.TW,254.3651580810547,13263243
2025-02-20,2454.TW,1443.068359375,6855773
2025-02-20,2603.TW,185.35092163085938,11130493
2025-02-20,2609.TW,64.15200805664062,18283079
2025-02-20,3231.TW,112.65116882324219,28609560
2025-02-21,2308.TW,389.0786437988281,8569868
2025-02-21,2317.TW,176.58673095703125,34837198
2025-02-21,2330.TW,1077.3994140625,28972910
2025-02-21,2382.TW,257.7057800292969,9604363
2025-02-21,2454.TW,1452.6888427734375,5655119
2025-02-21,2603.TW,184.91683959960938,9074511
2025-02-21,2609.TW,63.972816467285156,12608166
2025-02-21,3231.TW,113.61813354492188,24281824
2025-02-24,2308.TW,388.5873718261719,6950019
2025-02-24,2317.TW,177.5516815185547,26499357
2025-02-24,2330.TW,1057.7208251953125,30822970
2025-02-24,2382.TW,252.93345642089844,15220301
2025-02-24,2454.TW,1486.3603515625,6371982
2025-02-24,2603.TW,192.296142578125,24621701
2025-02-24,2609.TW,64.8687973022461,25482982
2025-02-24,3231.TW,111.20072174072266,27710124
2025-02-25,2308.TW,386.1310729980469,7103863
2025-02-25,2317.TW,171.27947998046875,62236037
2025-02-25,2330.TW,1038.042236328125,45158522
2025-02-25,2382.TW,242.91156005859375,32291063
2025-02-25,2454.TW,1491.170654296875,7905273
2025-02-25,2603.TW,191.42799377441406,11102679
2025-02-25,2609.TW,65.40637969970703,26656466
2025-02-25,3231.TW,108.29983520507812,29302734
2025-02-26,2308.TW,392.0262145996094,8789809
2025-02-26,2317.TW,174.17434692382812,44189198
2025-02-26,2330.TW,1042.9619140625,36768449
2025-02-26,2382.TW,248.1611328125,21101071
2025-02-26,2454.TW,1500.7911376953125,7032006
2025-02-26,2603.TW,190.55984497070312,9361798
2025-02-26,2609.TW,66.39195251464844,34508090
2025-02-26,3231.TW,111.20072174072266,15686690
2025-02-27,2308.TW,394.9737854003906,19590848
2025-02-27,2317.TW,167.90213012695312,78529299
2025-02-27,2330.TW,1023.2835083007812,55283596
2025-02-27,2382.TW,239.0937042236328,35035460
2025-02-27,2454.TW,1457.4990234375,10335277
2025-02-27,2603.TW,187.52130126953125,18391366
2025-02-27,2609.TW,65.31678009033203,26524363
2025-02-27,3231.TW,108.29983520507812,25120415
2025-03-03,2308.TW,383.1835021972656,11721984
2025-03-03,2317.TW,164.0423126220703,67754390
2025-03-03,2330.TW,1003.6049194335938,65621663
2025-03-03,2382.TW,239.0937042236328,30185036
2025-03-03,2454.TW,1414.2069091796875,10588492
2025-03-03,2603.TW,189.2576141357422,9978988
2025-03-03,2609.TW,65.04798889160156,15788142
2025-03-03,3231.TW,103.46501922607422,30411581
2025-03-04,2308.TW,370.9019775390625,19452498
2025-03-04,2317.TW,164.52479553222656,68513242
2025-03-04,2330.TW,983.9264526367188,64569262
2025-03-04,2382.TW,246.72943115234375,28496178
2025-03-04,2454.TW,1447.8785400390625,7871467
2025-03-04,2603.TW,190.12576293945312,7977460
2025-03-04,2609.TW,65.04798889160156,14520531
2025-03-04,3231.TW,104.91546630859375,19801579
2025-03-05,2308.TW,371.884521484375,10116547
2025-03-05,2317.TW,167.41966247558594,44481318
2025-03-05,2330.TW,1003.6049194335938,41994320
2025-03-05,2382.TW,250.07005310058594,19318169
2025-03-05,2454.TW,1447.8785400390625,6356979
2025-03-05,2603.TW,190.55984497070312,7981129
2025-03-05,2609.TW,65.5855712890625,14301527
2025-03-05,3231.TW,106.8493881225586,15924743
2025-03-06,2308.TW,376.797119140625,8270692
2025-03-06,2317.TW,167.41966247558594,28371666
2025-03-06,2330.TW,988.8460693359375,45187017
2025-03-06,2382.TW,248.6383514404297,12558989
2025-03-06,2454.TW,1438.2581787109375,3089136
2025-03-06,2603.TW,191.86207580566406,8387602
2025-03-06,2609.TW,65.94396209716797,16417388
2025-03-06,3231.TW,103.46501922607422,16434341
2025-03-07,2308.TW,368.4456787109375,8921265
2025-03-07,2317.TW,165.97222900390625,31346422
2025-03-07,2330.TW,988.8460693359375,40822280
2025-03-07,2382.TW,246.252197265625,14792239
2025-03-07,2454.TW,1409.396728515625,5464123
2025-03-07,2603.TW,197.0709991455078,26870163
2025-03-07,2609.TW,67.0191421508789,32398911
2025-03-07,3231.TW,103.46501922607422,11767526
2025-03-10,2308.TW,368.93695068359375,5451626
2025-03-10,2317.TW,165.97222900390625,35538548
2025-03-10,2330.TW,981.9585571289062,46849886
2025-03-10,2382.TW,249.11558532714844,18710810
2025-03-10,2454.TW,1342.0535888671875,9828231
2025-03-10,2603.TW,194.90060424804688,14404457
2025-03-10,2609.TW,66.30236053466797,18882217
2025-03-10,3231.TW,102.49806213378906,13653548
2025-03-11,2308.TW,364.02435302734375,9403893
2025-03-11,2317.TW,162.59487915039062,65518436
2025-03-11,2330.TW,955.3926391601562,50204233
2025-03-11,2382.TW,242.91156005859375,30410581
2025-03-11,2454.TW,1332.43310546875,10078176
2025-03-11,2603.TW,196.6369171142578,25973699
2025-03-11,2609.TW,66.03356170654297,28282627
2025-03-11,3231.TW,101.04761505126953,17022759
2025-03-12,2308.TW,380.7272033691406,13031685
2025-03-12,2317.TW,164.52479553222656,39457767
2025-03-12,2330.TW,972.1193237304688,34184887
2025-03-12,2382.TW,247.68389892578125,19630815
2025-03-12,2454.TW,1356.4842529296875,7914116
2025-03-12,2603.TW,198.37322998046875,26833046
2025-03-12,2609.TW,65.31678009033203,24715099
2025-03-12,3231.TW,101.04761505126953,11445725
2025-03-13,2308.TW,381.709716796875,11384379
2025-03-13,2317.TW,162.11241149902344,33203563
2025-03-13,2330.TW,949.4889526367188,37035693
2025-03-13,2382.TW,245.77496337890625,15333887
2025-03-13,2454.TW,1337.243408203125,6948447
2025-03-13,2603.TW,200.1095428466797,30770883
2025-03-13,2609.TW,66.66075134277344,59944109
2025-03-13,3231.TW,100.56413269042969,11217684
2025-03-14,2308.TW,371.884521484375,9108047
2025-03-14,2317.TW,164.0423126220703,32460048
2025-03-14,2330.TW,943.58544921875,34333748
2025-03-14,2382.TW,244.82049560546875,12589989
2025-03-14,2454.TW,1346.86376953125,7153832
2025-03-14,2603.TW,190.99391174316406,65694548
2025-03-14,2609.TW,66.48155212402344,47993198
2025-03-14,3231.TW,101.04761505126953,8984666
2025-03-17,2308.TW,387.1136169433594,11902227
2025-03-17,2317.TW,162.11241149902344,49505421
2025-03-17,2330.TW,954.4086303710938,31491061
2025-03-17,2382.TW,243.3887939453125,15581954
2025-03-17,2454.TW,1370.9149169921875,4878893
2025-03-17,2603.TW,200.1095428466797,45367607
2025-03-17,2609.TW,68.00471496582031,45723406
2025-03-17,3231.TW,102.49806213378906,9665127
2025-03-18,2308.TW,393.00872802734375,8162071
2025-03-18,2317.TW,161.6299285888672,38491878
2025-03-18,2330.TW,959.845458984375,21575327
2025-03-18,2382.TW,247.68389892578125,13155231
2025-03-18,2454.TW,1419.0172119140625,10224305
2025-03-18,2603.TW,201.41177368164062,20757661
2025-03-18,2609.TW,69.34868621826172,47423576
2025-03-18,3231.TW,103.94850158691406,12898686
2025-03-19,2308.TW,383.6747741699219,6964005
2025-03-19,2317.TW,158.25257873535156,76827146
2025-03-19,2330.TW,941.0637817382812,35245036
2025-03-19,2382.TW,241.95709228515625,16549407
2025-03-19,2454.TW,1409.396728515625,7855359
2025-03-19,2603.TW,198.37322998046875,16699320
2025-03-19,2609.TW,69.07988739013672,27455813
2025-03-19,3231.TW,99.59716796875,27944863
2025-03-20,2308.TW,386.6223449707031,7133147
2025-03-20,2317.TW,160.1824951171875,36080294
2025-03-20,2330.TW,973.6846313476562,28715956
2025-03-20,2382.TW,245.2977294921875,8740388
2025-03-20,2454.TW,1428.6375732421875,6419295
2025-03-20,2603.TW,199.2413787841797,11646102
2025-03-20,2609.TW,69.88626861572266,25443710
2025-03-20,3231.TW,101.53109741210938,11694314
2025-03-21,2308.TW,389.0786437988281,8097221
2025-03-21,2317.TW,159.21754455566406,44208163
2025-03-21,2330.TW,960.833984375,39214916
2025-03-21,2382.TW,244.34326171875,10963709
2025-03-21,2454.TW,1423.827392578125,4597519
2025-03-21,2603.TW,197.50506591796875,15787262
2025-03-21,2609.TW,68.81109619140625,24109530
2025-03-21,3231.TW,102.01457977294922,13622512
2025-03-24,2308.TW,385.1485595703125,10078008
2025-03-24,2317.TW,157.28762817382812,40731359
2025-03-24,2330.TW,960.833984375,16121506
2025-03-24,2382.TW,238.1392364501953,18151602
2025-03-24,2454.TW,1423.827392578125,3925730
2025-03-24,2603.TW,197.93914794921875,6904690
2025-03-24,2609.TW,69.16947937011719,20114598
2025-03-24,3231.TW,100.08065032958984,10376740
2025-03-25,2308.TW,385.1485595703125,4649203
2025-03-25,2317.TW,159.21754455566406,32238564
2025-03-25,2330.TW,978.627197265625,26167428
2025-03-25,2382.TW,238.1392364501953,19762443
2025-03-25,2454.TW,1467.1195068359375,7987673
2025-03-25,2603.TW,199.2413787841797,8357493
2025-03-25,2609.TW,69.79666900634766,20112232
2025-03-25,3231.TW,100.08065032958984,13423906
2025-03-26,2308.TW,392.0262145996094,9411426
2025-03-26,2317.TW,160.1824951171875,18157417
2025-03-26,2330.TW,968.7421264648438,21735917
2025-03-26,2382.TW,240.525390625,10716673
2025-03-26,2454.TW,1457.4990234375,3637846
2025-03-26,2603.TW,199.6754608154297,7996617
2025-03-26,2609.TW,69.34868621826172,16354629
2025-03-26,3231.TW,102.01457977294922,13814579
2025-03-27,2308.TW,385.1485595703125,5016744
2025-03-27,2317.TW,154.875244140625,64776987
2025-03-27,2330.TW,946.9948120117188,34563256
2025-03-27,2382.TW,234.79859924316406,17785959
2025-03-27,2454.TW,1428.6375732421875,4779867
2025-03-27,2603.TW,196.6369171142578,15658259
2025-03-27,2609.TW,68.63189697265625,19923780
2025-03-27,3231.TW,101.04761505126953,15530294
2025-03-28,2308.TW,369.9194641113281,9435073
2025-03-28,2317.TW,148.60304260253906,106024520
2025-03-28,2330.TW,941.0637817382812,33101234
2025-03-28,2382.TW,230.02627563476562,21216020
2025-03-28,2454.TW,1409.396728515625,4529681
2025-03-28,2603.TW,194.03245544433594,15278464
2025-03-28,2609.TW,67.37752532958984,18868471
2025-03-28,3231.TW,97.17976379394531,27856789
2025-03-31,2308.TW,353.7078552246094,8691223
2025-03-31,2317.TW,140.88339233398438,126784939
2025-03-31,2330.TW,899.5462646484375,51064611
2025-03-31,2382.TW,214.277587890625,37414841
2025-03-31,2454.TW,1337.243408203125,7884707
2025-03-31,2603.TW,191.42799377441406,15047838
2025-03-31,2609.TW,66.66075134277344,26968033
2025-03-31,3231.TW,92.15155792236328,29886837
2025-04-01,2308.TW,364.5155944824219,6160920
2025-04-01,2317.TW,146.67312622070312,59980318
2025-04-01,2330.TW,933.1556396484375,32197752
2025-04-01,2382.TW,223.3450164794922,16306622
2025-04-01,2454.TW,1404.5865478515625,6469737
2025-04-01,2603.TW,196.6369171142578,12876332
2025-04-01,2609.TW,68.99028778076172,23600690
2025-04-01,3231.TW,98.146728515625,23988678
2025-04-02,2308.TW,363.04180908203125,3389999
2025-04-02,2317.TW,148.1205596923828,38028390
2025-04-02,2330.TW,931.1786499023438,24849656
2025-04-02,2382.TW,222.3905487060547,12766581
2025-04-02,2454.TW,1380.535400390625,4501455
2025-04-02,2603.TW,197.0709991455078,7432483
2025-04-02,2609.TW,69.34868621826172,15364183
2025-04-02,3231.TW,97.66324615478516,13337773
2025-04-07,2308.TW,327.1797790527344,2196910
2025-04-07,2317.TW,133.646240234375,26126364
2025-04-07,2330.TW,838.2584228515625,23820773
2025-04-07,2382.TW,200.43783569335938,8425423
2025-04-07,2454.TW,1245.8489990234375,1801849
2025-04-07,2603.TW,177.5375213623047,3422460
2025-04-07,2609.TW,62.449649810791016,4684868
2025-04-07,3231.TW,87.89691925048828,3155806
2025-04-08,2308.TW,299.6691589355469,28156853
2025-04-08,2317.TW,120.61934661865234,301202019
2025-04-08,2330.TW,806.6260986328125,116648736
2025-04-08,2382.TW,182.78021240234375,65564382
2025-04-08,2454.TW,1212.1773681640625,18444110
2025-04-08,2603.TW,164.9492950439453,51645139
2025-04-08,2609.TW,56.26740646362305,65498372
2025-04-08,3231.TW,79.19425964355469,43837391
2025-04-09,2308.TW,275.5973815917969,16901587
2025-04-09,2317.TW,108.55741119384766,358282270
2025-04-09,2330.TW,775.982177734375,107582838
2025-04-09,2382.TW,170.37216186523438,71688907
2025-04-09,2454.TW,1140.02392578125,19089246
2025-04-09,2603.TW,148.45436096191406,45128638
2025-04-09,2609.TW,50.71234130859375,53042839
2025-04-09,3231.TW,72.23211669921875,71587869
2025-04-10,2308.TW,303.10797119140625,3270591
2025-04-10,2317.TW,119.17192077636719,35122259
2025-04-10,2330.TW,853.086181640625,19416428
2025-04-10,2382.TW,187.0753173828125,6330530
2025-04-10,2454.TW,1250.6591796875,1930024
2025-04-10,2603.TW,163.21298217773438,6022417
2025-04-10,2609.TW,55.729820251464844,11014910
2025-04-10,3231.TW,79.38764190673828,3799055
2025-04-11,2308.TW,329.1448059082031,22014107
2025-04-11,2317.TW,129.7864227294922,293820443
2025-04-11,2330.TW,878.7874755859375,76103586
2025-04-11,2382.TW,205.68739318847656,64295981
2025-04-11,2454.TW,1332.43310546875,16846917
2025-04-11,2603.TW,179.27383422851562,67747105
2025-04-11,2609.TW,61.284881591796875,68550510
2025-04-11,3231.TW,87.31674194335938,60893742
2025-04-14,2308.TW,324.2322082519531,17476535
2025-04-14,2317.TW,133.646240234375,210223406
2025-04-14,2330.TW,855.0631713867188,66326054
2025-04-14,2382.TW,217.61822509765625,63067954
2025-04-14,2454.TW,1346.86376953125,12574667
2025-04-14,2603.TW,182.3123779296875,73831255
2025-04-14,2609.TW,65.94396209716797,125702991
2025-04-14,3231.TW,94.08548736572266,55133112
2025-04-15,2308.TW,324.7234802246094,7198521
2025-04-15,2317.TW,134.61119079589844,84519852
2025-04-15,2330.TW,866.92529296875,30562095
2025-04-15,2382.TW,217.61822509765625,31832930
2025-04-15,2454.TW,1332.43310546875,6567345
2025-04-15,2603.TW,185.7849884033203,23771997
2025-04-15,2609.TW,65.5855712890625,78664007
2025-04-15,3231.TW,99.11368560791016,85421322
2025-04-16,2308.TW,314.89825439453125,7262799
2025-04-16,2317.TW,131.23385620117188,59628853
2025-04-16,2330.TW,845.1780395507812,42128082
2025-04-16,2382.TW,216.66375732421875,17632325
2025-04-16,2454.TW,1313.192138671875,5403460
2025-04-16,2603.TW,184.91683959960938,13383572
2025-04-16,2609.TW,64.95838928222656,31480903
2025-04-16,3231.TW,96.40618896484375,46941006
2025-04-17,2308.TW,309.9856262207031,11970974
2025-04-17,2317.TW,129.7864227294922,63502645
2025-04-17,2330.TW,837.2699584960938,33684502
2025-04-17,2382.TW,219.5271453857422,18547815
2025-04-17,2454.TW,1289.14111328125,6686132
2025-04-17,2603.TW,179.70791625976562,14339343
2025-04-17,2609.TW,63.61442184448242,37106412
2025-04-17,3231.TW,97.17976379394531,47504218
2025-04-18,2308.TW,313.91571044921875,2443456
2025-04-18,2317.TW,130.75137329101562,25953939
2025-04-18,2330.TW,840.2354736328125,20101219
2025-04-18,2382.TW,220.00437927246094,12925919
2025-04-18,2454.TW,1313.192138671875,3455357
2025-04-18,2603.TW,180.14198303222656,17653308
2025-04-18,2609.TW,64.5999984741211,60033451
2025-04-18,3231.TW,101.53109741210938,71915669
2025-04-21,2308.TW,306.54681396484375,3215675
2025-04-21,2317.TW,131.71632385253906,31715258
2025-04-21,2330.TW,825.4078369140625,18415705
2025-04-21,2382.TW,221.4360809326172,13549640
2025-04-21,2454.TW,1293.9512939453125,3022376
2025-04-21,2603.TW,174.9330596923828,20840101
2025-04-21,2609.TW,62.628849029541016,30823993
2025-04-21,3231.TW,99.59716796875,34693261
2025-04-22,2308.TW,304.5817565917969,4505507
2025-04-22,2317.TW,127.37403106689453,43756112
2025-04-22,2330.TW,806.6260986328125,28888527
2025-04-22,2382.TW,213.3231201171875,19966350
2025-04-22,2454.TW,1250.6591796875,4954354
2025-04-22,2603.TW,173.63082885742188,13310381
2025-04-22,2609.TW,62.27045822143555,26075538
2025-04-22,3231.TW,95.53592681884766,44154338
2025-04-23,2308.TW,323.7409362792969,7128300
2025-04-23,2317.TW,134.12872314453125,64790108
2025-04-23,2330.TW,862.9712524414062,37863656
2025-04-23,2382.TW,224.2994842529297,24734199
2025-04-23,2454.TW,1318.0023193359375,6070924
2025-04-23,2603.TW,178.4056854248047,12547226
2025-04-23,2609.TW,63.972816467285156,25088239
2025-04-23,3231.TW,99.11368560791016,40727737
2025-04-24,2308.TW,320.7933654785156,5268652
2025-04-24,2317.TW,131.71632385253906,43373263
2025-04-24,2330.TW,854.0746459960938,32238198
2025-04-24,2382.TW,219.5271453857422,14056588
2025-04-24,2454.TW,1279.5206298828125,6035060
2025-04-24,2603.TW,177.9716033935547,7669121
2025-04-24,2609.TW,63.52482604980469,17838354
2025-04-24,3231.TW,97.66324615478516,22765015
2025-04-25,2308.TW,324.7234802246094,8015088
2025-04-25,2317.TW,134.12872314453125,53501504
2025-04-25,2330.TW,877.7988891601562,34640282
2025-04-25,2382.TW,224.2994842529297,20125126
2025-04-25,2454.TW,1327.6229248046875,6909233
2025-04-25,2603.TW,177.5375213623047,9643965
2025-04-25,2609.TW,62.53925323486328,25097877
2025-04-25,3231.TW,99.11368560791016,29392622
2025-04-28,2308.TW,334.5486755371094,6256932
2025-04-28,2317.TW,137.5060577392578,46661370
2025-04-28,2330.TW,886.695556640625,21830091
2025-04-28,2382.TW,233.84413146972656,30312681
2025-04-28,2454.TW,1298.761474609375,5231320
2025-04-28,2603.TW,177.9716033935547,6707326
2025-04-28,2609.TW,62.628849029541016,13796410
2025-04-28,3231.TW,99.11368560791016,20009152
2025-04-29,2308.TW,334.05743408203125,7308691
2025-04-29,2317.TW,137.98854064941406,37793068
2025-04-29,2330.TW,891.6381225585938,24362874
2025-04-29,2382.TW,231.45797729492188,12645882
2025-04-29,2454.TW,1318.0023193359375,5633730
2025-04-29,2603.TW,180.14198303222656,8012758
2025-04-29,2609.TW,61.91206359863281,23525801
2025-04-29,3231.TW,100.56413269042969,12704490
2025-04-30,2308.TW,327.6710205078125,7771275
2025-04-30,2317.TW,136.54110717773438,41225512
2025-04-30,2330.TW,897.5692138671875,35405654
2025-04-30,2382.TW,227.64010620117188,14727427
2025-04-30,2454.TW,1298.761474609375,5374395
2025-04-30,2603.TW,179.27383422851562,7704860
2025-04-30,2609.TW,60.926490783691406,26715040
2025-04-30,3231.TW,98.146728515625,16844259
2025-05-02,2308.TW,347.8127136230469,12799777
2025-05-02,2317.TW,142.33082580566406,58858234
2025-05-02,2330.TW,939.0867309570312,43873135
2025-05-02,2382.TW,239.57093811035156,30815997
2025-05-02,2454.TW,1250.6591796875,16309878
2025-05-02,2603.TW,182.3123779296875,13203333
2025-05-02,2609.TW,63.52482604980469,33033850
2025-05-02,3231.TW,102.01457977294922,34110678
2025-05-05,2308.TW,351.7428283691406,10719987
2025-05-05,2317.TW,137.5060577392578,65835101
2025-05-05,2330.TW,927.224609375,52770209
2025-05-05,2382.TW,235.2758331298828,23724907
2025-05-05,2454.TW,1245.8489990234375,7202362
2025-05-05,2603.TW,179.27383422851562,11379352
2025-05-05,2609.TW,63.076839447021484,19521588
2025-05-05,3231.TW,100.08065032958984,24044766
2025-05-06,2308.TW,352.725341796875,7370329
2025-05-06,2317.TW,140.88339233398438,52642201
2025-05-06,2330.TW,909.4313354492188,37538894
2025-05-06,2382.TW,242.434326171875,21424280
2025-05-06,2454.TW,1231.4183349609375,6945409
2025-05-06,2603.TW,181.4442138671875,8313031
2025-05-06,2609.TW,63.793617248535156,16637357
2025-05-06,3231.TW,105.3989486694336,54582235
2025-05-07,2308.TW,357.1466979980469,7607451
2025-05-07,2317.TW,139.91844177246094,42941757
2025-05-07,2330.TW,917.3394165039062,36907620
2025-05-07,2382.TW,242.434326171875,19074757
2025-05-07,2454.TW,1226.608154296875,5876206
2025-05-07,2603.TW,178.83975219726562,8563736
2025-05-07,2609.TW,63.61442184448242,9824380
2025-05-07,3231.TW,102.98153686523438,33060270
2025-05-08,2308.TW,365.49810791015625,9611005
2025-05-08,2317.TW,140.88339233398438,28650766
2025-05-08,2330.TW,907.454345703125,27985917
2025-05-08,2382.TW,240.0481719970703,16551891
2025-05-08,2454.TW,1241.038818359375,5977244
2025-05-08,2603.TW,179.70791625976562,5333605
2025-05-08,2609.TW,63.16643524169922,12094475
2025-05-08,3231.TW,103.46501922607422,17584089
2025-05-09,2308.TW,367.4631652832031,9755813
2025-05-09,2317.TW,141.84835815429688,29653062
2025-05-09,2330.TW,938.0982055664062,36383573
2025-05-09,2382.TW,244.82049560546875,22380109
2025-05-09,2454.TW,1274.71044921875,6464226
2025-05-09,2603.TW,183.18052673339844,10084583
2025-05-09,2609.TW,64.33120727539062,20870809
2025-05-09,3231.TW,103.46501922607422,21179336
2025-05-12,2308.TW,363.5330810546875,4638215
2025-05-12,2317.TW,147.63807678222656,58159600
2025-05-12,2330.TW,946.0062255859375,23402547
2025-05-12,2382.TW,246.72943115234375,19756236
2025-05-12,2454.TW,1265.08984375,5139679
2025-05-12,2603.TW,188.8235321044922,14610892
2025-05-12,2609.TW,64.95838928222656,18114519
2025-05-12,3231.TW,104.91546630859375,26302068
2025-05-13,2308.TW,361.5680236816406,6316275
2025-05-13,2317.TW,152.46286010742188,91396561
2025-05-13,2330.TW,957.8684692382812,38047856
2025-05-13,2382.TW,250.07005310058594,31892842
2025-05-13,2454.TW,1303.57177734375,9166229
2025-05-13,2603.TW,201.84584045410156,54273885
2025-05-13,2609.TW,69.88626861572266,128331871
2025-05-13,3231.TW,104.91546630859375,35716748
2025-05-14,2308.TW,365.49810791015625,9096626
2025-05-14,2317.TW,157.28762817382812,68720158
2025-05-14,2330.TW,987.5238037109375,40475123
2025-05-14,2382.TW,263.9098205566406,48481650
2025-05-14,2454.TW,1308.3819580078125,6039143
2025-05-14,2603.TW,210.5273895263672,57958140
2025-05-14,2609.TW,71.14064025878906,111315554
2025-05-14,3231.TW,110.71723937988281,77397262
2025-05-15,2308.TW,364.02435302734375,4578850
2025-05-15,2317.TW,153.91029357910156,68371776
2025-05-15,2330.TW,981.5927734375,24662270
2025-05-15,2382.TW,264.8642883300781,35160729
2025-05-15,2454.TW,1318.0023193359375,5523760
2025-05-15,2603.TW,213.13185119628906,47066549
2025-05-15,2609.TW,71.23023223876953,104205508
2025-05-15,3231.TW,107.81635284423828,35510726
2025-05-16,2308.TW,364.5155944824219,4282212
2025-05-16,2317.TW,152.46286010742188,34064080
2025-05-16,2330.TW,986.5353393554688,16878650
2025-05-16,2382.TW,262.4781188964844,16610638
2025-05-16,2454.TW,1313.192138671875,3498707
2025-05-16,2603.TW,226.15415954589844,77514069
2025-05-16,2609.TW,75.26213836669922,234592454
2025-05-16,3231.TW,107.33287048339844,23678587
2025-05-19,2308.TW,356.6554260253906,3935670
2025-05-19,2317.TW,148.60304260253906,51994460
2025-05-19,2330.TW,972.6961669921875,19906139
2025-05-19,2382.TW,253.88792419433594,16552009
2025-05-19,2454.TW,1260.2796630859375,7045364
2025-05-19,2603.TW,220.9452362060547,37371800
2025-05-19,2609.TW,74.63495635986328,113688015
2025-05-19,3231.TW,105.3989486694336,29244441
2025-05-20,2308.TW,359.1117248535156,4213227
2025-05-20,2317.TW,148.60304260253906,40404578
2025-05-20,2330.TW,966.7650756835938,20897857
2025-05-20,2382.TW,254.3651580810547,11020016
2025-05-20,2454.TW,1265.08984375,5662042
2025-05-20,2603.TW,223.54969787597656,24499610
2025-05-20,2609.TW,74.81414794921875,62241030
2025-05-20,3231.TW,105.88243103027344,15782772
2025-05-21,2308.TW,371.884521484375,6185556
2025-05-21,2317.TW,149.5679931640625,28794921
2025-05-21,2330.TW,978.627197265625,26248757
2025-05-21,2382.TW,259.6147155761719,14665187
2025-05-21,2454.TW,1289.14111328125,4399231
2025-05-21,2603.TW,222.68154907226562,20288746
2025-05-21,2609.TW,74.63495635986328,57927415
2025-05-21,3231.TW,109.26679992675781,54477359
2025-05-22,2308.TW,371.39324951171875,6923417
2025-05-22,2317.TW,147.63807678222656,36180030
2025-05-22,2330.TW,970.7191162109375,18747545
2025-05-22,2382.TW,255.3196258544922,10479593
2025-05-22,2454.TW,1274.71044921875,3287944
2025-05-22,2603.TW,225.72007751464844,29410204
2025-05-22,2609.TW,77.8604736328125,177269156
2025-05-22,3231.TW,109.26679992675781,20504743
2025-05-23,2308.TW,366.9718933105469,5281106
2025-05-23,2317.TW,148.60304260253906,22240124
2025-05-23,2330.TW,972.6961669921875,22213030
2025-05-23,2382.TW,251.97898864746094,10262344
2025-05-23,2454.TW,1265.08984375,4277084
2025-05-23,2603.TW,222.24746704101562,27532184
2025-05-23,2609.TW,74.99333953857422,156331841
2025-05-23,3231.TW,109.26679992675781,23808005
2025-05-26,2308.TW,364.02435302734375,6179396
2025-05-26,2317.TW,147.63807678222656,28674499
2025-05-26,2330.TW,964.7880249023438,19329052
2025-05-26,2382.TW,253.4106903076172,8825413
2025-05-26,2454.TW,1231.4183349609375,7140240
2025-05-26,2603.TW,219.64300537109375,11055715
2025-05-26,2609.TW,74.36615753173828,55143919
2025-05-26,3231.TW,112.16768646240234,47350409
2025-05-27,2308.TW,361.0767822265625,4513583
2025-05-27,2317.TW,146.67312622070312,27178660
2025-05-27,2330.TW,953.9144287109375,26355315
2025-05-27,2382.TW,253.88792419433594,8953741
2025-05-27,2454.TW,1231.4183349609375,6424061
2025-05-27,2603.TW,219.64300537109375,15525296
2025-05-27,2609.TW,73.47017669677734,59806965
2025-05-27,3231.TW,111.20072174072266,24803487
2025-05-28,2308.TW,363.5330810546875,4201968
2025-05-28,2317.TW,146.67312622070312,31301270
2025-05-28,2330.TW,955.8914184570312,26471533
2025-05-28,2382.TW,256.7513122558594,16103397
2025-05-28,2454.TW,1231.4183349609375,7908648
2025-05-28,2603.TW,216.17039489746094,17903409
2025-05-28,2609.TW,72.8429946899414,69320221
2025-05-28,3231.TW,111.6842041015625,21814654
2025-05-29,2308.TW,367.4631652832031,13005295
2025-05-29,2317.TW,150.53294372558594,88695221
2025-05-29,2330.TW,955.8914184570312,48602590
2025-05-29,2382.TW,259.1374816894531,26895115
2025-05-29,2454.TW,1212.1773681640625,19212826
2025-05-29,2603.TW,212.26368713378906,22351254
2025-05-29,2609.TW,71.31983184814453,84138084
2025-05-29,3231.TW,112.65116882324219,63137549
2025-06-02,2308.TW,361.0767822265625,5906314
2025-06-02,2317.TW,147.15560913085938,54596606
2025-06-02,2330.TW,935.1326293945312,33676511
2025-06-02,2382.TW,258.6602478027344,19057958
2025-06-02,2454.TW,1212.1773681640625,10666133
2025-06-02,2603.TW,214.43408203125,14435949
2025-06-02,2609.TW,70.87184143066406,62767219
2025-06-02,3231.TW,111.20072174072266,34562231
2025-06-03,2308.TW,372.8670349121094,14118434
2025-06-03,2317.TW,146.19065856933594,37496603
2025-06-03,2330.TW,939.0867309570312,26020787
2025-06-03,2382.TW,262.4781188964844,17896027
2025-06-03,2454.TW,1226.608154296875,5610470
2025-06-03,2603.TW,219.20892333984375,14287391
2025-06-03,2609.TW,71.67822265625,69964856
2025-06-03,3231.TW,109.5,55250319
2025-06-04,2308.TW,382.20098876953125,10651570
2025-06-04,2317.TW,150.53294372558594,39430089
2025-06-04,2330.TW,978.627197265625,37233567
2025-06-04,2382.TW,267.25042724609375,23853254
2025-06-04,2454.TW,1226.608154296875,10297345
2025-06-04,2603.TW,218.3407745361328,25479081
2025-06-04,2609.TW,70.33425903320312,59854104
2025-06-04,3231.TW,114.0,38680139
2025-06-05,2308.TW,391.043701171875,11147342
2025-06-05,2317.TW,150.05047607421875,34135967
2025-06-05,2330.TW,986.5353393554688,24414444
2025-06-05,2382.TW,268.68212890625,16994255
2025-06-05,2454.TW,1197.7467041015625,15362134
2025-06-05,2603.TW,206.62069702148438,49005463
2025-06-05,2609.TW,66.57115173339844,104024907
2025-06-05,3231.TW,115.0,71160049
2025-06-06,2308.TW,389.0786437988281,7562289
2025-06-06,2317.TW,147.63807678222656,23622232
2025-06-06,2330.TW,983.5697631835938,13670307
2025-06-06,2382.TW,263.4325866699219,15118830
2025-06-06,2454.TW,1231.4183349609375,10710374
2025-06-06,2603.TW,204.88438415527344,30026060
2025-06-06,2609.TW,65.8543701171875,62183572
2025-06-06,3231.TW,110.0,92472321
2025-06-09,2308.TW,390.55242919921875,3767191
2025-06-09,2317.TW,149.08551025390625,18242233
2025-06-09,2330.TW,993.4548950195312,21674308
2025-06-09,2382.TW,263.4325866699219,9390154
2025-06-09,2454.TW,1236.228515625,7952617
2025-06-09,2603.TW,203.1480712890625,30678752
2025-06-09,2609.TW,63.972816467285156,83125534
2025-06-09,3231.TW,113.5,61627998
2025-06-10,2308.TW,394.9737854003906,6805847
2025-06-10,2317.TW,150.05047607421875,31625938
2025-06-10,2330.TW,1032.9954833984375,44877640
2025-06-10,2382.TW,270.591064453125,18288849
2025-06-10,2454.TW,1284.330810546875,11338136
2025-06-10,2603.TW,205.31846618652344,23548326
2025-06-10,2609.TW,64.68959045410156,46121525
2025-06-10,3231.TW,114.5,44228642
2025-06-11,2308.TW,394.9737854003906,6391497
2025-06-11,2317.TW,150.53294372558594,26921144
2025-06-11,2330.TW,1052.7657470703125,37178498
2025-06-11,2382.TW,270.11383056640625,12965529
2025-06-11,2454.TW,1265.08984375,11700995
2025-06-11,2603.TW,209.6592254638672,28069794
2025-06-11,2609.TW,64.7791976928711,59869328
2025-06-11,3231.TW,115.0,33092467
2025-06-12,2308.TW,392.5174865722656,4715311
2025-06-12,2317.TW,151.98037719726562,32770167
2025-06-12,2330.TW,1037.3787841796875,25221606
2025-06-12,2382.TW,273.4544677734375,15203754
2025-06-12,2454.TW,1236.228515625,10502334
2025-06-12,2603.TW,206.62069702148438,21979889
2025-06-12,2609.TW,64.5103988647461,41946467
2025-06-12,3231.TW,116.5,41132382
2025-06-13,2308.TW,391.043701171875,6256987
2025-06-13,2317.TW,151.0154266357422,37075939
2025-06-13,2330.TW,1022.4880981445312,28393455
2025-06-13,2382.TW,274.408935546875,16436984
2025-06-13,2454.TW,1202.556884765625,8841922
2025-06-13,2603.TW,207.4888458251953,31165048
2025-06-13,2609.TW,66.39195251464844,59722853
2025-06-13,3231.TW,118.5,57687616
2025-06-16,2308.TW,393.5,4977272
2025-06-16,2317.TW,149.5679931640625,21564832
2025-06-16,2330.TW,1017.5245971679688,28580673
2025-06-16,2382.TW,272.97723388671875,9016371
2025-06-16,2454.TW,1207.3671875,4129774
2025-06-16,2603.TW,210.0933074951172,34849953
2025-06-16,2609.TW,65.94396209716797,28911801
2025-06-16,3231.TW,119.0,23801471
2025-06-17,2308.TW,395.0,6977658
2025-06-17,2317.TW,149.5679931640625,25153697
2025-06-17,2330.TW,1037.3787841796875,26517379
2025-06-17,2382.TW,270.11383056640625,15474405
2025-06-17,2454.TW,1226.608154296875,5360829
2025-06-17,2603.TW,212.69776916503906,47321469
2025-06-17,2609.TW,68.27350616455078,64062051
2025-06-17,3231.TW,118.0,39070565
2025-06-18,2308.TW,400.5,5519023
2025-06-18,2317.TW,150.53294372558594,34125837
2025-06-18,2330.TW,1047.3057861328125,37931721
2025-06-18,2382.TW,270.11383056640625,12825922
2025-06-18,2454.TW,1236.228515625,5525157
2025-06-18,2603.TW,214.0,59339975
2025-06-18,2609.TW,67.37752532958984,36404888
2025-06-18,3231.TW,116.0,33615354
2025-06-19,2308.TW,404.0,9073025
2025-06-19,2317.TW,148.60304260253906,20289055
2025-06-19,2330.TW,1027.45166015625,24002557
2025-06-19,2382.TW,266.2959899902344,13664910
2025-06-19,2454.TW,1216.987548828125,4766573
2025-06-19,2603.TW,212.5,58389253
2025-06-19,2609.TW,66.39195251464844,26525027
2025-06-19,3231.TW,115.5,24248101
2025-06-20,2308.TW,400.0,19669788
2025-06-20,2317.TW,150.05047607421875,58365008
2025-06-20,2330.TW,1047.3057861328125,57831332
2025-06-20,2382.TW,266.7732238769531,16036435
2025-06-20,2454.TW,1202.556884765625,5271667
2025-06-20,2603.TW,207.5,23727781
2025-06-20,2609.TW,65.40637969970703,47084047
2025-06-20,3231.TW,118.5,63430485
2025-06-23,2308.TW,400.0,6099946
2025-06-23,2317.TW,150.53294372558594,48485749
2025-06-23,2330.TW,1012.56103515625,32143872
2025-06-23,2382.TW,269.15936279296875,17281403
2025-06-23,2454.TW,1207.3671875,4404035
2025-06-23,2603.TW,205.0,19339290
2025-06-23,2609.TW,64.42080688476562,49627149
2025-06-23,3231.TW,118.5,35254305
2025-06-24,2308.TW,417.0,11116100
2025-06-24,2317.TW,154.875244140625,66177329
2025-06-24,2330.TW,1042.3421630859375,28163537
2025-06-24,2382.TW,276.31787109375,26437298
2025-06-24,2454.TW,1221.7978515625,4477491
2025-06-24,2603.TW,209.0,15417253
2025-06-24,2609.TW,65.4959716796875,47636059
2025-06-24,3231.TW,120.0,49333107
2025-06-25,2308.TW,423.5,11108825
2025-06-25,2317.TW,156.3226776123047,48074338
2025-06-25,2330.TW,1062.1964111328125,38783736
2025-06-25,2382.TW,279.65850830078125,19860719
2025-06-25,2454.TW,1245.8489990234375,5945025
2025-06-25,2603.TW,205.5,16743578
2025-06-25,2609.TW,65.04798889160156,48015939
2025-06-25,3231.TW,125.5,120939052
2025-06-26,2308.TW,420.0,7336581
2025-06-26,2317.TW,157.28762817382812,64983063
2025-06-26,2330.TW,1067.159912109375,36056692
2025-06-26,2382.TW,276.79510498046875,24969171
2025-06-26,2454.TW,1241.038818359375,5174101
2025-06-26,2603.TW,205.0,14075722
2025-06-26,2609.TW,64.5999984741211,38704428
2025-06-26,3231.TW,125.0,60406496
2025-06-27,2308.TW,424.0,7345295
2025-06-27,2317.TW,159.21754455566406,74726884
2025-06-27,2330.TW,1072.1234130859375,32549027
2025-06-27,2382.TW,272.5,22017601
2025-06-27,2454.TW,1236.228515625,5856843
2025-06-27,2603.TW,205.5,9502601
2025-06-27,2609.TW,65.04798889160156,25866809
2025-06-27,3231.TW,121.0,59517201
2025-06-30,2308.TW,413.0,5198117
2025-06-30,2317.TW,155.35772705078125,59551541
2025-06-30,2330.TW,1052.269287109375,32413717
2025-06-30,2382.TW,274.5,34610578
2025-06-30,2454.TW,1202.556884765625,7763199
2025-06-30,2603.TW,199.0,25031802
2025-06-30,2609.TW,63.70402145385742,36532839
2025-06-30,3231.TW,122.5,28069895
2025-07-01,2308.TW,428.0,10078725
2025-07-01,2317.TW,159.70001220703125,101734619
2025-07-01,2330.TW,1077.0869140625,44299887
2025-07-01,2382.TW,281.0,30113696
2025-07-01,2454.TW,1226.608154296875,8523024
2025-07-01,2603.TW,199.0,16640671
2025-07-01,2609.TW,65.13758087158203,27130481
2025-07-01,3231.TW,120.0,49178660
2025-07-02,2308.TW,429.5,6626261
2025-07-02,2317.TW,162.0,64904578
2025-07-02,2330.TW,1077.0869140625,23822731
2025-07-02,2382.TW,282.0,9206216
2025-07-02,2454.TW,1245.8489990234375,6784867
2025-07-02,2603.TW,201.0,6282051
2025-07-02,2609.TW,65.4959716796875,17236495
2025-07-02,3231.TW,120.0,18160191
2025-07-03,2308.TW,459.0,22317749
2025-07-03,2317.TW,164.0,45499276
2025-07-03,2330.TW,1082.050537109375,36973556
2025-07-03,2382.TW,280.0,10319023
2025-07-03,2454.TW,1245.8492431640625,11618186
2025-07-03,2603.TW,203.0,9692606
2025-07-03,2609.TW,66.21276092529297,22896003
2025-07-03,3231.TW,121.0,19739158
2025-07-04,2308.TW,457.0,14577748
2025-07-04,2317.TW,161.0,27434055
2025-07-04,2330.TW,1077.0869140625,20363322
2025-07-04,2382.TW,278.0,10313615
2025-07-04,2454.TW,1265.4688720703125,7096708
2025-07-04,2603.TW,200.5,8221437
2025-07-04,2609.TW,65.7647705078125,21927182
2025-07-04,3231.TW,119.0,35132361
2025-07-07,2308.TW,450.0,8986785
2025-07-07,2317.TW,161.0,23838993
2025-07-07,2330.TW,1072.1234130859375,18829372
2025-07-07,2382.TW,277.0,6870371
2025-07-07,2454.TW,1255.6590576171875,4446172
2025-07-07,2603.TW,195.5,16818586
2025-07-07,2609.TW,65.31678009033203,29536920
2025-07-07,3231.TW,118.0,23633810
2025-07-08,2308.TW,451.5,10717852
2025-07-08,2317.TW,159.0,30285544
2025-07-08,2330.TW,1072.1234130859375,27461252
2025-07-08,2382.TW,272.0,10302640
2025-07-08,2454.TW,1245.8492431640625,3529215
2025-07-08,2603.TW,195.0,8537615
2025-07-08,2609.TW,64.5999984741211,36826079
2025-07-08,3231.TW,118.5,30847938
2025-07-09,2308.TW,451.0,11825025
2025-07-09,2317.TW,161.0,28926202
2025-07-09,2330.TW,1082.050537109375,23618216
2025-07-09,2382.TW,276.0,10377735
2025-07-09,2454.TW,1329.2327880859375,13138793
2025-07-09,2603.TW,198.0,9591043
2025-07-09,2609.TW,64.5999984741211,47016643
2025-07-09,3231.TW,120.5,37629629
2025-07-10,2308.TW,482.5,22619776
2025-07-10,2317.TW,161.5,29653356
2025-07-10,2330.TW,1091.9776611328125,22350503
2025-07-10,2382.TW,273.0,13467185
2025-07-10,2454.TW,1373.3770751953125,11433007
2025-07-10,2603.TW,195.0,11030439
2025-07-10,2609.TW,62.70000076293945,32977721
2025-07-10,3231.TW,120.0,18771927
2025-07-11,2308.TW,483.0,13587750
2025-07-11,2317.TW,161.5,20131944
2025-07-11,2330.TW,1091.9776611328125,28249780
2025-07-11,2382.TW,273.0,9543093
2025-07-11,2454.TW,1392.9967041015625,9744661
2025-07-11,2603.TW,196.5,8429243
2025-07-11,2609.TW,62.5,21639347
2025-07-11,3231.TW,119.5,15584448
2025-07-14,2308.TW,473.0,6912679
2025-07-14,2317.TW,160.5,18584525
2025-07-14,2330.TW,1087.0140380859375,25760632
2025-07-14,2382.TW,269.5,19240450
2025-07-14,2454.TW,1358.662353515625,5631886
2025-07-14,2603.TW,201.5,14676130
2025-07-14,2609.TW,62.599998474121094,26758599
2025-07-14,3231.TW,117.0,21708610
2025-07-15,2308.TW,494.0,15644025
2025-07-15,2317.TW,163.0,20264333
2025-07-15,2330.TW,1101.9046630859375,45416390
2025-07-15,2382.TW,270.5,16130611
2025-07-15,2454.TW,1368.47216796875,4329964
2025-07-15,2603.TW,199.5,10035932
2025-07-15,2609.TW,62.400001525878906,14123428
2025-07-15,3231.TW,120.0,22928487
2025-07-16,2308.TW,500.0,23245466
2025-07-16,2317.TW,162.5,23986877
2025-07-16,2330.TW,1121.7587890625,31013743
2025-07-16,2382.TW,272.5,13658920
2025-07-16,2454.TW,1383.1868896484375,5897943
2025-07-16,2603.TW,201.0,40411265
2025-07-16,2609.TW,63.70000076293945,25735546
2025-07-16,3231.TW,118.0,31732315
2025-07-17,2308.TW,499.0,9166864
2025-07-17,2317.TW,164.0,20425825
2025-07-17,2330.TW,1121.7587890625,30648595
2025-07-17,2382.TW,271.0,10102379
2025-07-17,2454.TW,1363.5672607421875,5213698
2025-07-17,2603.TW,202.0,10840545
2025-07-17,2609.TW,63.400001525878906,17079979
2025-07-17,3231.TW,118.0,18079163
2025-07-18,2308.TW,509.0,7238844
2025-07-18,2317.TW,165.5,34053809
2025-07-18,2330.TW,1146.576416015625,46645034
2025-07-18,2382.TW,273.5,12353312
2025-07-18,2454.TW,1383.1868896484375,4870093
2025-07-18,2603.TW,200.0,11962319
2025-07-18,2609.TW,62.900001525878906,13488859
2025-07-18,3231.TW,119.0,19465871
2025-07-21,2308.TW,515.0,9627700
2025-07-21,2317.TW,165.0,16688671
2025-07-21,2330.TW,1141.613037109375,26749324
2025-07-21,2382.TW,273.5,8095323
2025-07-21,2454.TW,1397.901611328125,5766633
2025-07-21,2603.TW,197.5,9640536
2025-07-21,2609.TW,62.20000076293945,14509064
2025-07-21,3231.TW,118.5,12618515
2025-07-22,2308.TW,513.0,13326683
2025-07-22,2317.TW,162.0,37854645
2025-07-22,2330.TW,1121.7587890625,50457506
2025-07-22,2382.TW,262.5,28883513
2025-07-22,2454.TW,1402.8065185546875,7721986
2025-07-22,2603.TW,196.0,9599328
2025-07-22,2609.TW,61.20000076293945,21356220
2025-07-22,3231.TW,114.5,45802843
2025-07-23,2308.TW,520.0,10567662
2025-07-23,2317.TW,166.0,50337916
2025-07-23,2330.TW,1136.6494140625,29747757
2025-07-23,2382.TW,264.5,15441924
2025-07-23,2454.TW,1402.8065185546875,4835003
2025-07-23,2603.TW,197.5,6998442
2025-07-23,2609.TW,62.400001525878906,16365112
2025-07-23,3231.TW,116.0,20969612
2025-07-24,2308.TW,518.0,9134695
2025-07-24,2317.TW,174.0,124903778
2025-07-24,2330.TW,1136.6494140625,15055463
2025-07-24,2382.TW,269.0,15476309
2025-07-24,2454.TW,1402.8065185546875,4937526
2025-07-24,2603.TW,201.5,10947495
2025-07-24,2609.TW,63.099998474121094,22653528
2025-07-24,3231.TW,117.0,27031747
2025-07-25,2308.TW,517.0,8134464
2025-07-25,2317.TW,174.5,55406174
2025-07-25,2330.TW,1136.6494140625,22476546
2025-07-25,2382.TW,268.5,7672314
2025-07-25,2454.TW,1402.8065185546875,5748883
2025-07-25,2603.TW,202.0,7329657
2025-07-25,2609.TW,63.099998474121094,12606827
2025-07-25,3231.TW,116.5,18556795
2025-07-28,2308.TW,522.0,7048224
2025-07-28,2317.TW,176.0,54693143
2025-07-28,2330.TW,1136.6494140625,20606376
2025-07-28,2382.TW,272.0,14069744
2025-07-28,2454.TW,1373.3770751953125,6885421
2025-07-28,2603.TW,200.0,5388541
2025-07-28,2609.TW,62.29999923706055,14736377
2025-07-28,3231.TW,120.0,32822641
2025-07-29,2308.TW,525.0,7290167
2025-07-29,2317.TW,171.5,48559908
2025-07-29,2330.TW,1126.7222900390625,31763255
2025-07-29,2382.TW,267.5,13055278
2025-07-29,2454.TW,1334.1376953125,9487581
2025-07-29,2603.TW,198.5,5674783
2025-07-29,2609.TW,61.5,14562347
2025-07-29,3231.TW,120.5,30520102
2025-07-30,2308.TW,530.0,7441150
2025-07-30,2317.TW,171.5,0
2025-07-30,2330.TW,1146.576416015625,34182363
2025-07-30,2382.TW,270.0,10254214
2025-07-30,2454.TW,1353.7574462890625,5594339
2025-07-30,2603.TW,199.5,3790260
2025-07-30,2609.TW,61.599998474121094,8332797
2025-07-30,3231.TW,120.5,22555815
2025-07-31,2308.TW,567.0,14290496
2025-07-31,2317.TW,178.0,88011311
2025-07-31,2330.TW,1151.5399169921875,33230751
2025-07-31,2382.TW,281.5,46993445
2025-07-31,2454.TW,1343.947509765625,8942761
2025-07-31,2603.TW,198.0,7027452
2025-07-31,2609.TW,60.79999923706055,14202579
2025-07-31,3231.TW,123.0,57102901
2025-08-04,2308.TW,593.0,11241547
2025-08-04,2317.TW,180.0,43591055
2025-08-04,2330.TW,1126.7222900390625,23939021
2025-08-04,2382.TW,281.0,17019182
2025-08-04,2454.TW,1304.708251953125,4830756
2025-08-04,2603.TW,196.5,9058203
2025-08-04,2609.TW,60.599998474121094,9835657
2025-08-04,3231.TW,119.5,28199826
2025-08-05,2308.TW,632.0,20244945
2025-08-05,2317.TW,184.5,50872232
2025-08-05,2330.TW,1141.613037109375,17012960
2025-08-05,2382.TW,288.0,24068241
2025-08-05,2454.TW,1314.51806640625,3718187
2025-08-05,2603.TW,196.0,8378340
2025-08-05,2609.TW,60.70000076293945,11546416
2025-08-05,3231.TW,124.0,40206211
2025-08-06,2308.TW,621.0,20094089
2025-08-06,2317.TW,186.0,67331558
2025-08-06,2330.TW,1116.7952880859375,22023406
2025-08-06,2382.TW,288.5,15742639
2025-08-06,2454.TW,1294.8983154296875,5412343
2025-08-06,2603.TW,196.0,5840062
2025-08-06,2609.TW,60.599998474121094,8776661
2025-08-06,3231.TW,122.5,20295093
2025-08-07,2308.TW,623.0,14701639
2025-08-07,2317.TW,194.5,116627300
2025-08-07,2330.TW,1171.3941650390625,61370031
2025-08-07,2382.TW,289.0,20511609
2025-08-07,2454.TW,1329.2327880859375,5024691
2025-08-07,2603.TW,194.5,12161612
2025-08-07,2609.TW,60.5,8839821
2025-08-07,3231.TW,123.5,26476327
2025-08-08,2308.TW,637.0,11940640
2025-08-08,2317.TW,194.5,63362046
2025-08-08,2330.TW,1166.4306640625,25958258
2025-08-08,2382.TW,290.5,16215315
2025-08-08,2454.TW,1324.327880859375,5016534
2025-08-08,2603.TW,197.5,6799377
2025-08-08,2609.TW,61.0,10351056
2025-08-08,3231.TW,124.5,33258135
2025-08-11,2308.TW,638.0,9087647
2025-08-11,2317.TW,198.0,50587400
2025-08-11,2330.TW,1171.3941650390625,35579367
2025-08-11,2382.TW,290.0,17127137
2025-08-11,2454.TW,1329.2327880859375,3478971
2025-08-11,2603.TW,195.0,8963700
2025-08-11,2609.TW,60.400001525878906,12101562
2025-08-11,3231.TW,127.5,68397383
2025-08-12,2308.TW,642.0,8669434
2025-08-12,2317.TW,197.0,37740908
2025-08-12,2330.TW,1171.3941650390625,28917167
2025-08-12,2382.TW,283.0,22337638
2025-08-12,2454.TW,1334.1376953125,3238403
2025-08-12,2603.TW,198.0,8412025
2025-08-12,2609.TW,61.599998474121094,24548627
2025-08-12,3231.TW,126.0,37482389
2025-08-13,2308.TW,675.0,23398116
2025-08-13,2317.TW,198.5,99654169
2025-08-13,2330.TW,1191.248291015625,37809952
2025-08-13,2382.TW,271.5,63728788
2025-08-13,2454.TW,1343.947509765625,7678115
2025-08-13,2603.TW,197.0,8156159
2025-08-13,2609.TW,61.599998474121094,19397642
2025-08-13,3231.TW,117.5,168400507
2025-08-14,2308.TW,670.0,11571094
2025-08-14,2317.TW,199.5,76141475
2025-08-14,2330.TW,1166.4306640625,32991791
2025-08-14,2382.TW,270.5,21814252
2025-08-14,2454.TW,1363.5672607421875,4387884
2025-08-14,2603.TW,199.0,7211943
2025-08-14,2609.TW,61.599998474121094,9272684
2025-08-14,3231.TW,116.5,57417736
2025-08-15,2308.TW,686.0,14052732
2025-08-15,2317.TW,207.0,152202911
2025-08-15,2330.TW,1171.3941650390625,22231552
2025-08-15,2382.TW,270.5,23456718
2025-08-15,2454.TW,1343.947509765625,4043678
2025-08-15,2603.TW,198.0,8100064
2025-08-15,2609.TW,61.20000076293945,9473780
2025-08-15,3231.TW,116.5,48969639
2025-08-18,2308.TW,688.0,12090726
2025-08-18,2317.TW,210.0,71303659
2025-08-18,2330.TW,1171.3941650390625,18219895
2025-08-18,2382.TW,269.0,19713360
2025-08-18,2454.TW,1383.1868896484375,5827468
2025-08-18,2603.TW,197.5,7585252
2025-08-18,2609.TW,61.0,13160283
2025-08-18,3231.TW,116.0,40872757
2025-08-19,2308.TW,661.0,12791048
2025-08-19,2317.TW,208.0,48799892
2025-08-19,2330.TW,1176.357666015625,17867547
2025-08-19,2382.TW,268.0,14596705
2025-08-19,2454.TW,1363.5672607421875,6127596
2025-08-19,2603.TW,194.5,12788606
2025-08-19,2609.TW,60.29999923706055,11827279
2025-08-19,3231.TW,115.5,29907899
2025-08-20,2308.TW,625.0,23360715
2025-08-20,2317.TW,200.5,120493896
2025-08-20,2330.TW,1126.7222900390625,66982023
2025-08-20,2382.TW,259.5,36664528
2025-08-20,2454.TW,1329.2327880859375,6525541
2025-08-20,2603.TW,192.5,15237661
2025-08-20,2609.TW,60.400001525878906,19728618
2025-08-20,3231.TW,113.5,34656856
2025-08-21,2308.TW,648.0,17291029
2025-08-21,2317.TW,206.0,66575736
2025-08-21,2330.TW,1141.613037109375,23424804
2025-08-21,2382.TW,259.0,24821447
2025-08-21,2454.TW,1339.0426025390625,4264972
2025-08-21,2603.TW,194.0,5251730
2025-08-21,2609.TW,60.599998474121094,6871303
2025-08-21,3231.TW,111.5,47876784
2025-08-22,2308.TW,664.0,9862231
2025-08-22,2317.TW,202.5,52817040
2025-08-22,2330.TW,1126.7222900390625,19205763
2025-08-22,2382.TW,258.5,14922957
2025-08-22,2454.TW,1339.0426025390625,2686120
2025-08-22,2603.TW,190.5,10397768
2025-08-22,2609.TW,59.599998474121094,13719368
2025-08-22,3231.TW,112.0,24142461
2025-08-25,2308.TW,676.0,9498974
2025-08-25,2317.TW,207.5,51151687
2025-08-25,2330.TW,1161.467041015625,25103514
2025-08-25,2382.TW,268.0,24295538
2025-08-25,2454.TW,1383.1868896484375,4859204
2025-08-25,2603.TW,189.0,13243688
2025-08-25,2609.TW,59.20000076293945,16579611
2025-08-25,3231.TW,113.5,27294562
2025-08-26,2308.TW,685.0,10083437
2025-08-26,2317.TW,209.0,40946610
2025-08-26,2330.TW,1166.4306640625,35508897
2025-08-26,2382.TW,265.0,21263338
2025-08-26,2454.TW,1373.3770751953125,5024316
2025-08-26,2603.TW,188.5,11422704
2025-08-26,2609.TW,59.0,19911924
2025-08-26,3231.TW,113.0,20163237
2025-08-27,2308.TW,720.0,15231644
2025-08-27,2317.TW,208.0,39112918
2025-08-27,2330.TW,1181.3211669921875,21952558
2025-08-27,2382.TW,269.0,17279130
2025-08-27,2454.TW,1373.3770751953125,3355567
2025-08-27,2603.TW,188.0,9582191
2025-08-27,2609.TW,58.599998474121094,12804201
2025-08-27,3231.TW,115.0,33922785
2025-08-28,2308.TW,709.0,8589429
2025-08-28,2317.TW,206.0,45436240
2025-08-28,2330.TW,1151.5399169921875,19975237
2025-08-28,2382.TW,266.0,9588682
2025-08-28,2454.TW,1358.662353515625,3766722
2025-08-28,2603.TW,188.0,11860550
2025-08-28,2609.TW,58.79999923706055,18253300
2025-08-28,3231.TW,115.0,19618647
2025-08-29,2308.TW,711.0,10833614
2025-08-29,2317.TW,203.5,52960909
2025-08-29,2330.TW,1151.5399169921875,19522740
2025-08-29,2382.TW,262.5,12917153
2025-08-29,2454.TW,1343.947509765625,3723539
2025-08-29,2603.TW,185.5,12080116
2025-08-29,2609.TW,57.70000076293945,23733327
2025-08-29,3231.TW,113.0,17395255
2025-09-01,2308.TW,688.0,13704967
2025-09-01,2317.TW,198.5,67997565
2025-09-01,2330.TW,1156.5035400390625,22018940
2025-09-01,2382.TW,256.0,18655104
2025-09-01,2454.TW,1334.1376953125,3659694
2025-09-01,2603.TW,184.0,9963421
2025-09-01,2609.TW,57.20000076293945,16762671
2025-09-01,3231.TW,109.5,31608575
2025-09-02,2308.TW,685.0,11127649
2025-09-02,2317.TW,198.5,34829147
2025-09-02,2330.TW,1151.5399169921875,14037411
2025-09-02,2382.TW,253.5,15389928
2025-09-02,2454.TW,1334.1376953125,3283160
2025-09-02,2603.TW,183.0,9498868
2025-09-02,2609.TW,56.900001525878906,10998491
2025-09-02,3231.TW,110.0,17004205
2025-09-03,2308.TW,680.0,11506701
2025-09-03,2317.TW,200.5,33636295
2025-09-03,2330.TW,1151.5399169921875,19511981
2025-09-03,2382.TW,253.5,14449933
2025-09-03,2454.TW,1368.47216796875,4604408
2025-09-03,2603.TW,183.0,6319214
2025-09-03,2609.TW,57.400001525878906,7549581
2025-09-03,3231.TW,110.0,9272486
2025-09-04,2308.TW,691.0,9965095
2025-09-04,2317.TW,203.0,41160693
2025-09-04,2330.TW,1151.5399169921875,24333323
2025-09-04,2382.TW,257.0,9875579
2025-09-04,2454.TW,1358.662353515625,3400107
2025-09-04,2603.TW,185.0,8274327
2025-09-04,2609.TW,58.0,12901373
2025-09-04,3231.TW,113.0,48734979
2025-09-05,2308.TW,726.0,14205816
2025-09-05,2317.TW,205.0,37057097
2025-09-05,2330.TW,1171.3941650390625,27133819
2025-09-05,2382.TW,258.5,7490172
2025-09-05,2454.TW,1407.7115478515625,8668643
2025-09-05,2603.TW,186.5,5046596
2025-09-05,2609.TW,57.900001525878906,8586389
2025-09-05,3231.TW,115.5,19639855
2025-09-08,2308.TW,726.0,11029416
2025-09-08,2317.TW,203.5,44569167
2025-09-08,2330.TW,1171.3941650390625,27281959
2025-09-08,2382.TW,260.0,13298290
2025-09-08,2454.TW,1402.8065185546875,6384542
2025-09-08,2603.TW,186.5,6587431
2025-09-08,2609.TW,57.70000076293945,11075142
2025-09-08,3231.TW,114.5,11547169
2025-09-09,2308.TW,784.0,20739103
2025-09-09,2317.TW,207.5,63494345
2025-09-09,2330.TW,1191.248291015625,31329096
2025-09-09,2382.TW,262.5,19631079
2025-09-09,2454.TW,1481.2852783203125,10954327
2025-09-09,2603.TW,184.5,7269891
2025-09-09,2609.TW,57.099998474121094,12742317
2025-09-09,3231.TW,116.0,33227632
2025-09-10,2308.TW,837.0,22858768
2025-09-10,2317.TW,210.0,84148890
2025-09-10,2330.TW,1216.06591796875,39665156
2025-09-10,2382.TW,273.0,35669086
2025-09-10,2454.TW,1461.66552734375,6557814
2025-09-10,2603.TW,185.5,6549096
2025-09-10,2609.TW,56.79999923706055,13313034
2025-09-10,3231.TW,120.0,53629176
2025-09-11,2308.TW,831.0,25892416
2025-09-11,2317.TW,214.5,129973733
2025-09-11,2330.TW,1230.95654296875,30345708
2025-09-11,2382.TW,270.0,28440432
2025-09-11,2454.TW,1451.855712890625,4509127
2025-09-11,2603.TW,183.0,7763718
2025-09-11,2609.TW,55.5,21142343
2025-09-11,3231.TW,119.0,51038839
2025-09-12,2308.TW,837.0,19279803
2025-09-12,2317.TW,217.5,71479522
2025-09-12,2330.TW,1250.810791015625,26492972
2025-09-12,2382.TW,274.0,15114671
2025-09-12,2454.TW,1456.7606201171875,4172705
2025-09-12,2603.TW,185.5,5405608
2025-09-12,2609.TW,56.5,11709964
2025-09-12,3231.TW,120.0,25367358
2025-09-15,2308.TW,836.0,11977009
2025-09-15,2317.TW,216.0,55330938
2025-09-15,2330.TW,1245.84716796875,24589707
2025-09-15,2382.TW,276.0,21450898
2025-09-15,2454.TW,1456.7606201171875,2733745
2025-09-15,2603.TW,183.5,5123603
2025-09-15,2609.TW,56.0,7486909
2025-09-15,3231.TW,119.5,20729218
2025-09-16,2308.TW,841.0,14964160
2025-09-16,2317.TW,215.5,49662786
2025-09-16,2330.TW,1275.74755859375,40130070
2025-09-16,2382.TW,273.5,16421165
2025-09-16,2454.TW,1505.809814453125,8152357
2025-09-16,2603.TW,183.5,5974757
2025-09-16,2609.TW,56.0,7674152
2025-09-16,3231.TW,118.0,31851525
2025-09-17,2308.TW,836.0,10046309
2025-09-17,2317.TW,212.0,55894730
2025-09-17,2330.TW,1260.79736328125,29283972
2025-09-17,2382.TW,273.0,13008415
2025-09-17,2454.TW,1481.2852783203125,4695051
2025-09-17,2603.TW,183.5,7876311
2025-09-17,2609.TW,56.099998474121094,13492322
2025-09-17,3231.TW,119.0,29447928
2025-09-18,2308.TW,892.0,21414831
2025-09-18,2317.TW,215.0,78891977
2025-09-18,2330.TW,1280.73095703125,24191307
2025-09-18,2382.TW,279.5,19916772
2025-09-18,2454.TW,1481.2852783203125,3539535
2025-09-18,2603.TW,184.5,4209910
2025-09-18,2609.TW,56.099998474121094,7365280
2025-09-18,3231.TW,120.0,24481119
2025-09-19,2308.TW,888.0,19564182
2025-09-19,2317.TW,214.0,56361409
2025-09-19,2330.TW,1260.79736328125,44913316
2025-09-19,2382.TW,281.0,26438451
2025-09-19,2454.TW,1412.616455078125,13241946
2025-09-19,2603.TW,188.5,11980307
2025-09-19,2609.TW,57.099998474121094,18404339
2025-09-19,3231.TW,121.0,42358406
2025-09-22,2308.TW,907.0,14261438
2025-09-22,2317.TW,216.0,33805955
2025-09-22,2330.TW,1290.69775390625,28859955
2025-09-22,2382.TW,281.0,13390326
2025-09-22,2454.TW,1378.281982421875,8578839
2025-09-22,2603.TW,183.5,15791837
2025-09-22,2609.TW,55.900001525878906,18476333
2025-09-22,3231.TW,121.5,18593251
2025-09-23,2308.TW,893.0,16298095
2025-09-23,2317.TW,221.0,103442188
2025-09-23,2330.TW,1335.5482177734375,33953781
2025-09-23,2382.TW,286.5,34172011
2025-09-23,2454.TW,1348.8524169921875,10776401
2025-09-23,2603.TW,182.0,11297895
2025-09-23,2609.TW,55.20000076293945,15453605
2025-09-23,3231.TW,122.5,76002779
2025-09-24,2308.TW,891.0,15633116
2025-09-24,2317.TW,223.0,64385629
2025-09-24,2330.TW,1335.5482177734375,44737182
2025-09-24,2382.TW,283.5,29120539
2025-09-24,2454.TW,1304.708251953125,11129639
2025-09-24,2603.TW,180.5,8506587
2025-09-24,2609.TW,55.0,13020743
2025-09-24,3231.TW,121.5,28975019
2025-09-25,2308.TW,884.0,11493170
2025-09-25,2317.TW,230.0,123630302
2025-09-25,2330.TW,1315.6146240234375,25861812
2025-09-25,2382.TW,285.0,21951726
2025-09-25,2454.TW,1319.4229736328125,7547381
2025-09-25,2603.TW,180.0,8553427
2025-09-25,2609.TW,55.0,9824946
2025-09-25,3231.TW,125.5,100261498
2025-09-26,2308.TW,848.0,18652130
2025-09-26,2317.TW,219.5,116991800
2025-09-26,2330.TW,1295.6810302734375,25793295
2025-09-26,2382.TW,285.0,29092816
2025-09-26,2454.TW,1285.0885009765625,6728741
2025-09-26,2603.TW,178.0,10618705
2025-09-26,2609.TW,53.29999923706055,19912035
2025-09-26,3231.TW,128.0,120459418
2025-09-30,2308.TW,854.0,16138286
2025-09-30,2317.TW,216.0,87033036
2025-09-30,2330.TW,1300.6644287109375,36642789
2025-09-30,2382.TW,290.0,40461798
2025-09-30,2454.TW,1289.993408203125,7200191
2025-09-30,2603.TW,179.0,11400962
2025-09-30,2609.TW,53.0,18985117
2025-09-30,3231.TW,140.5,108929876
2025-10-01,2308.TW,871.0,9681582
2025-10-01,2317.TW,219.0,57644055
2025-10-01,2330.TW,1320.5980224609375,33837323
2025-10-01,2382.TW,286.5,35534245
2025-10-01,2454.TW,1260.56396484375,6432244
2025-10-01,2603.TW,177.5,5939148
2025-10-01,2609.TW,52.29999923706055,16643881
2025-10-01,3231.TW,146.0,282988689
2025-10-02,2308.TW,894.0,17801201
2025-10-02,2317.TW,225.5,71706441
2025-10-02,2330.TW,1360.465087890625,29593487
2025-10-02,2382.TW,294.0,30153788
2025-10-02,2454.TW,1255.6590576171875,8209274
2025-10-02,2603.TW,177.5,5516032
2025-10-02,2609.TW,51.5,16450643
2025-10-02,3231.TW,149.5,120880021
2025-10-03,2308.TW,942.0,17752218
2025-10-03,2317.TW,226.5,51488648
2025-10-03,2330.TW,1395.348876953125,31032341
2025-10-03,2382.TW,300.0,39470731
2025-10-03,2454.TW,1294.8983154296875,6383512
2025-10-03,2603.TW,180.5,6854435
2025-10-03,2609.TW,52.0,15285040
2025-10-03,3231.TW,153.5,86609939
2025-10-07,2308.TW,987.0,25013368
2025-10-07,2317.TW,228.5,64479912
2025-10-07,2330.TW,1430.2325439453125,38395572
2025-10-07,2382.TW,308.5,40752333
2025-10-07,2454.TW,1299.8033447265625,7016903
2025-10-07,2603.TW,180.0,7090617
2025-10-07,2609.TW,51.79999923706055,10074207
2025-10-07,3231.TW,156.0,91596690
2025-10-08,2308.TW,981.0,11682890
2025-10-08,2317.TW,225.0,48654405
2025-10-08,2330.TW,1410.299072265625,23064494
2025-10-08,2382.TW,306.0,20531685
2025-10-08,2454.TW,1309.6131591796875,5034301
2025-10-08,2603.TW,179.5,5280284
2025-10-08,2609.TW,51.70000076293945,7733624
2025-10-08,3231.TW,150.5,78861975
2025-10-09,2308.TW,999.0,14545045
2025-10-09,2317.TW,221.5,54969959
2025-10-09,2330.TW,1435.2159423828125,39052134
2025-10-09,2382.TW,298.0,37268713
2025-10-09,2454.TW,1319.4229736328125,4738227
2025-10-09,2603.TW,178.5,5060819
2025-10-09,2609.TW,51.29999923706055,9874954
2025-10-09,3231.TW,151.0,65492842
2025-10-13,2308.TW,1030.0,23036958
2025-10-13,2317.TW,213.0,105751618
2025-10-13,2330.TW,1410.299072265625,53850992
2025-10-13,2382.TW,294.5,29776200
2025-10-13,2454.TW,1289.993408203125,7286313
2025-10-13,2603.TW,179.0,10273543
2025-10-13,2609.TW,51.599998474121094,16402107
2025-10-13,3231.TW,145.5,70866522
2025-10-14,2308.TW,992.0,19658119
2025-10-14,2317.TW,206.0,103962992
2025-10-14,2330.TW,1420.2657470703125,39889256
2025-10-14,2382.TW,284.0,29851647
2025-10-14,2454.TW,1280.18359375,5520842
2025-10-14,2603.TW,189.0,54420794
2025-10-14,2609.TW,56.70000076293945,90807029
2025-10-14,3231.TW,138.0,75501420
2025-10-15,2308.TW,1015.0,12815338
2025-10-15,2317.TW,206.5,63725983
2025-10-15,2330.TW,1460.1329345703125,41056405
2025-10-15,2382.TW,286.0,15687616
2025-10-15,2454.TW,1289.993408203125,4146372
2025-10-15,2603.TW,184.0,23994676
2025-10-15,2609.TW,53.20000076293945,75755113
2025-10-15,3231.TW,138.0,37474501
2025-10-16,2308.TW,1025.0,7584072
2025-10-16,2317.TW,223.0,150705656
2025-10-16,2330.TW,1480.0665283203125,37737678
2025-10-16,2382.TW,291.5,15512048
2025-10-16,2454.TW,1304.708251953125,3748755
2025-10-16,2603.TW,185.5,9359544
2025-10-16,2609.TW,53.29999923706055,18335774
2025-10-16,3231.TW,139.5,57474007
2025-10-17,2308.TW,999.0,12240453
2025-10-17,2317.TW,226.5,117393949
2025-10-17,2330.TW,1445.1827392578125,38077331
2025-10-17,2382.TW,288.5,12838974
2025-10-17,2454.TW,1304.708251953125,6827509
2025-10-17,2603.TW,186.5,19682188
2025-10-17,2609.TW,54.099998474121094,58817539
2025-10-17,3231.TW,136.5,64311022
2025-10-20,2308.TW,1015.0,11890513
2025-10-20,2317.TW,238.5,149270185
2025-10-20,2330.TW,1475.0831298828125,33015553
2025-10-20,2382.TW,296.5,22366155
2025-10-20,2454.TW,1314.51806640625,3287582
2025-10-20,2603.TW,184.5,11902438
2025-10-20,2609.TW,54.0,19156856
2025-10-20,3231.TW,142.0,65327706
2025-10-21,2308.TW,1020.0,7639845
2025-10-21,2317.TW,239.0,117969555
2025-10-21,2330.TW,1475.0831298828125,34601251
2025-10-21,2382.TW,291.0,16174355
2025-10-21,2454.TW,1314.51806640625,3905400
2025-10-21,2603.TW,182.0,11908374
2025-10-21,2609.TW,53.79999923706055,12247010
2025-10-21,3231.TW,142.5,62220259
2025-10-22,2308.TW,1020.0,5599702
2025-10-22,2317.TW,242.5,69466417
2025-10-22,2330.TW,1455.1495361328125,27360948
2025-10-22,2382.TW,289.5,12208364
2025-10-22,2454.TW,1304.708251953125,3704329
2025-10-22,2603.TW,182.5,6237183
2025-10-22,2609.TW,53.900001525878906,21912843
2025-10-22,3231.TW,143.5,30349780
2025-10-23,2308.TW,1010.0,5140862
2025-10-23,2317.TW,239.0,47487658
2025-10-23,2330.TW,1445.1827392578125,23570046
2025-10-23,2382.TW,293.5,33472282
2025-10-23,2454.TW,1270.373779296875,7752802
2025-10-23,2603.TW,185.0,6699789
2025-10-23,2609.TW,54.0,10364153
2025-10-23,3231.TW,143.0,52588800
2025-10-27,2308.TW,1070.0,13894647
2025-10-27,2317.TW,246.5,78976148
2025-10-27,2330.TW,1475.0831298828125,32851952
2025-10-27,2382.TW,309.5,44396977
2025-10-27,2454.TW,1309.6131591796875,5678203
2025-10-27,2603.TW,185.5,8862461
2025-10-27,2609.TW,54.29999923706055,13886450
2025-10-27,3231.TW,146.5,58476994
2025-10-28,2308.TW,1075.0,8604771
2025-10-28,2317.TW,250.0,72210529
2025-10-28,2330.TW,1470.0997314453125,28381919
2025-10-28,2382.TW,304.0,17765962
2025-10-28,2454.TW,1289.993408203125,4800134
2025-10-28,2603.TW,187.5,8091748
2025-10-28,2609.TW,55.099998474121094,16953837
2025-10-28,3231.TW,148.0,51766116
2025-10-29,2308.TW,1060.0,12152233
2025-10-29,2317.TW,260.0,122095968
2025-10-29,2330.TW,1500.0,30631103
2025-10-29,2382.TW,308.0,13100507
2025-10-29,2454.TW,1275.2786865234375,7886343
2025-10-29,2603.TW,190.0,12617020
2025-10-29,2609.TW,56.5,27066639
2025-10-29,3231.TW,152.5,67402853
2025-10-30,2308.TW,1010.0,21746938
2025-10-30,2317.TW,262.0,105395242
2025-10-30,2330.TW,1500.0,27867757
2025-10-30,2382.TW,306.0,20602549
2025-10-30,2454.TW,1285.0885009765625,5190139
2025-10-30,2603.TW,196.0,48996375
2025-10-30,2609.TW,60.0,118373625
2025-10-30,3231.TW,155.0,75235906
2025-10-31,2308.TW,995.0,18521789
2025-10-31,2317.TW,257.5,60671044
2025-10-31,2330.TW,1495.0166015625,31928423
2025-10-31,2382.TW,300.5,13315938
2025-10-31,2454.TW,1285.0885009765625,7057671
2025-10-31,2603.TW,193.5,20776263
2025-10-31,2609.TW,57.5,48517515
2025-10-31,3231.TW,150.5,58027715
2025-11-03,2308.TW,983.0,14781907
2025-11-03,2317.TW,251.5,92588580
2025-11-03,2330.TW,1504.9833984375,29118770
2025-11-03,2382.TW,297.5,11626090
2025-11-03,2454.TW,1275.2786865234375,10235098
2025-11-03,2603.TW,193.0,9706123
2025-11-03,2609.TW,56.5,25984937
2025-11-03,3231.TW,143.5,79634870
2025-11-04,2308.TW,975.0,17580080
2025-11-04,2317.TW,244.0,91077032
2025-11-04,2330.TW,1500.0,33925673
2025-11-04,2382.TW,287.5,19508256
2025-11-04,2454.TW,1289.993408203125,6324011
2025-11-04,2603.TW,188.0,14781098
2025-11-04,2609.TW,55.20000076293945,16007657
2025-11-04,3231.TW,139.0,52697378
2025-11-05,2308.TW,967.0,16538385
2025-11-05,2317.TW,247.0,111699424
2025-11-05,2330.TW,1455.1495361328125,56305422
2025-11-05,2382.TW,289.5,18775068
2025-11-05,2454.TW,1304.708251953125,6722398
2025-11-05,2603.TW,185.5,9475304
2025-11-05,2609.TW,54.5,16465827
2025-11-05,3231.TW,137.5,75419156
2025-11-06,2308.TW,978.0,9760798
2025-11-06,2317.TW,248.0,64418664
2025-11-06,2330.TW,1460.1329345703125,27411394
2025-11-06,2382.TW,293.0,14777764
2025-11-06,2454.TW,1265.4688720703125,7307681
2025-11-06,2603.TW,188.5,5652727
2025-11-06,2609.TW,55.0,12374340
2025-11-06,3231.TW,142.0,42721390
2025-11-07,2308.TW,965.0,9119881
2025-11-07,2317.TW,244.0,48667340
2025-11-07,2330.TW,1455.1495361328125,20329390
2025-11-07,2382.TW,287.0,9629708
2025-11-07,2454.TW,1236.039306640625,7288497
2025-11-07,2603.TW,187.0,5477848
2025-11-07,2609.TW,54.29999923706055,10677404
2025-11-07,3231.TW,137.5,38839175
2025-11-10,2308.TW,982.0,10503689
2025-11-10,2317.TW,249.5,50699016
2025-11-10,2330.TW,1470.0997314453125,25281744
2025-11-10,2382.TW,291.5,9497885
2025-11-10,2454.TW,1226.2294921875,5195821
2025-11-10,2603.TW,182.5,10882769
2025-11-10,2609.TW,53.0,13718267
2025-11-10,3231.TW,138.5,38419835
2025-11-11,2308.TW,972.0,10930686
2025-11-11,2317.TW,246.5,49323677
2025-11-11,2330.TW,1460.1329345703125,22444166
2025-11-11,2382.TW,291.5,11963258
2025-11-11,2454.TW,1216.419677734375,5414867
2025-11-11,2603.TW,180.0,10331560
2025-11-11,2609.TW,52.70000076293945,9467480
2025-11-11,3231.TW,144.5,83578817
2025-11-12,2308.TW,967.0,13794867
2025-11-12,2317.TW,251.0,63578429
2025-11-12,2330.TW,1470.0997314453125,23642502
2025-11-12,2382.TW,288.0,15684240
2025-11-12,2454.TW,1221.3245849609375,4199743
2025-11-12,2603.TW,186.0,13734468
2025-11-12,2609.TW,54.099998474121094,18141275
2025-11-12,3231.TW,139.0,87183883
2025-11-13,2308.TW,958.0,10534466
2025-11-13,2317.TW,252.0,89314039
2025-11-13,2330.TW,1455.1495361328125,21255597
2025-11-13,2382.TW,285.0,24935287
2025-11-13,2454.TW,1221.3245849609375,2865882
2025-11-13,2603.TW,187.5,12763354
2025-11-13,2609.TW,54.20000076293945,12246062
2025-11-13,3231.TW,144.0,84913855
2025-11-14,2308.TW,922.0,17956984
2025-11-14,2317.TW,241.0,107025603
2025-11-14,2330.TW,1425.2491455078125,26861702
2025-11-14,2382.TW,279.5,19613902
2025-11-14,2454.TW,1206.60986328125,4154705
2025-11-14,2603.TW,185.5,15083486
2025-11-14,2609.TW,53.70000076293945,16599969
2025-11-14,3231.TW,140.5,54818005
2025-11-17,2308.TW,916.0,10205990
2025-11-17,2317.TW,236.0,82230187
2025-11-17,2330.TW,1440.1993408203125,26602730
2025-11-17,2382.TW,276.0,13276681
2025-11-17,2454.TW,1206.60986328125,4804227
2025-11-17,2603.TW,181.5,9369425
2025-11-17,2609.TW,53.099998474121094,11954498
2025-11-17,3231.TW,138.0,50762784
2025-11-18,2308.TW,898.0,12776058
2025-11-18,2317.TW,230.0,74877047
2025-11-18,2330.TW,1400.332275390625,42198432
2025-11-18,2382.TW,270.0,18467673
2025-11-18,2454.TW,1147.7508544921875,9021735
2025-11-18,2603.TW,179.5,12129438
2025-11-18,2609.TW,51.599998474121094,25940477
2025-11-18,3231.TW,137.0,40872359
2025-11-19,2308.TW,894.0,11496641
2025-11-19,2317.TW,229.0,69017030
2025-11-19,2330.TW,1390.365478515625,35591948
2025-11-19,2382.TW,267.0,14254017
2025-11-19,2454.TW,1137.9410400390625,6293318
2025-11-19,2603.TW,179.5,7810425
2025-11-19,2609.TW,51.5,23886323
2025-11-19,3231.TW,137.0,33468386
2025-11-20,2308.TW,954.0,15713499
2025-11-20,2317.TW,236.5,77074387
2025-11-20,2330.TW,1450.1661376953125,25964403
2025-11-20,2382.TW,274.0,10134936
2025-11-20,2454.TW,1162.465576171875,7131739
2025-11-20,2603.TW,182.5,7273273
2025-11-20,2609.TW,51.599998474121094,17271056
2025-11-20,3231.TW,143.0,50986086
2025-11-21,2308.TW,895.0,16093630
2025-11-21,2317.TW,225.0,92224538
2025-11-21,2330.TW,1380.398681640625,54518246
2025-11-21,2382.TW,270.0,13500642
2025-11-21,2454.TW,1123.2261962890625,7293277
2025-11-21,2603.TW,180.0,7643348
2025-11-21,2609.TW,51.0,26665179
2025-11-21,3231.TW,139.0,39344178
2025-11-24,2308.TW,893.0,18570764
2025-11-24,2317.TW,220.0,96559056
2025-11-24,2330.TW,1370.431884765625,79134658
2025-11-24,2382.TW,272.0,14853862
2025-11-24,2454.TW,1128.131103515625,9436199
2025-11-24,2603.TW,179.0,9094984
2025-11-24,2609.TW,52.29999923706055,26748192
2025-11-24,3231.TW,139.0,33682141
2025-11-25,2308.TW,910.0,10214403
2025-11-25,2317.TW,219.0,71531864
2025-11-25,2330.TW,1410.299072265625,27427405
2025-11-25,2382.TW,275.0,9336982
2025-11-25,2454.TW,1162.465576171875,6872636
2025-11-25,2603.TW,180.5,5844286
2025-11-25,2609.TW,51.29999923706055,16075894
2025-11-25,3231.TW,139.5,20681188
2025-11-26,2308.TW,945.0,11021726
2025-11-26,2317.TW,227.0,67295295
2025-11-26,2330.TW,1435.2159423828125,29213211
2025-11-26,2382.TW,279.5,9438475
2025-11-26,2454.TW,1275.2786865234375,11771497
2025-11-26,2603.TW,182.0,8941508
2025-11-26,2609.TW,52.5,25850186
2025-11-26,3231.TW,142.5,27235555
2025-11-27,2308.TW,942.0,8485835
2025-11-27,2317.TW,231.0,62010923
2025-11-27,2330.TW,1430.2325439453125,22039774
2025-11-27,2382.TW,281.5,6456741
2025-11-27,2454.TW,1314.51806640625,19171766
2025-11-27,2603.TW,180.5,6875588
2025-11-27,2609.TW,52.099998474121094,16566066
2025-11-27,3231.TW,145.5,41278594
2025-11-28,2308.TW,932.0,7920998
2025-11-28,2317.TW,225.5,55419918
2025-11-28,2330.TW,1435.2159423828125,23152513
2025-11-28,2382.TW,282.0,12623082
2025-11-28,2454.TW,1368.47216796875,17773470
2025-11-28,2603.TW,179.5,6237699
2025-11-28,2609.TW,52.0,9518806
2025-11-28,3231.TW,144.5,42287054
2025-12-01,2308.TW,973.0,16772623
2025-12-01,2317.TW,222.0,50775578
2025-12-01,2330.TW,1405.315673828125,30559208
2025-12-01,2382.TW,287.0,16398925
2025-12-01,2454.TW,1417.5213623046875,19274425
2025-12-01,2603.TW,181.5,4626841
2025-12-01,2609.TW,52.400001525878906,9520123
2025-12-01,3231.TW,141.0,22578213
2025-12-02,2308.TW,989.0,19606844
2025-12-02,2317.TW,222.0,48093660
2025-12-02,2330.TW,1425.2491455078125,23544477
2025-12-02,2382.TW,288.5,15581808
2025-12-02,2454.TW,1388.091796875,11326485
2025-12-02,2603.TW,181.5,6269126
2025-12-02,2609.TW,52.0,12430038
2025-12-02,3231.TW,143.0,45461765
2025-12-03,2308.TW,997.0,12394746
2025-12-03,2317.TW,227.0,51488715
2025-12-03,2330.TW,1445.1827392578125,20301540
2025-12-03,2382.TW,292.5,14680289
2025-12-03,2454.TW,1373.3770751953125,9738032
2025-12-03,2603.TW,182.5,3893869
2025-12-03,2609.TW,51.900001525878906,7272730
2025-12-03,3231.TW,145.0,41304913
2025-12-04,2308.TW,999.0,6602493
2025-12-04,2317.TW,228.5,25112739
2025-12-04,2330.TW,1440.1993408203125,20696944
2025-12-04,2382.TW,294.5,11435414
2025-12-04,2454.TW,1378.281982421875,6241494
2025-12-04,2603.TW,184.5,8010316
2025-12-04,2609.TW,52.5,18715560
2025-12-04,3231.TW,146.0,30160182
2025-12-05,2308.TW,979.0,9363660
2025-12-05,2317.TW,231.0,34284096
2025-12-05,2330.TW,1455.1495361328125,21072604
2025-12-05,2382.TW,297.5,21889164
2025-12-05,2454.TW,1397.901611328125,7682537
2025-12-05,2603.TW,183.0,5631784
2025-12-05,2609.TW,51.70000076293945,13970748
2025-12-05,3231.TW,151.0,85008744
2025-12-08,2308.TW,979.0,5590132
2025-12-08,2317.TW,232.0,29235914
2025-12-08,2330.TW,1490.033203125,24257260
2025-12-08,2382.TW,297.5,11022569
2025-12-08,2454.TW,1412.616455078125,5746578
2025-12-08,2603.TW,180.0,9055731
2025-12-08,2609.TW,51.20000076293945,14744310
2025-12-08,3231.TW,149.0,38061637
2025-12-09,2308.TW,971.0,7569165
2025-12-09,2317.TW,235.0,53342004
2025-12-09,2330.TW,1475.0831298828125,24235825
2025-12-09,2382.TW,296.0,14925284
2025-12-09,2454.TW,1392.9967041015625,4993367
2025-12-09,2603.TW,178.5,8799782
2025-12-09,2609.TW,50.400001525878906,20034528
2025-12-09,3231.TW,149.5,94932438
2025-12-10,2308.TW,968.0,6126655
2025-12-10,2317.TW,233.5,35301661
2025-12-10,2330.TW,1500.0,23319221
2025-12-10,2382.TW,292.5,10023211
2025-12-10,2454.TW,1432.236083984375,8224726
2025-12-10,2603.TW,179.0,6023426
2025-12-10,2609.TW,50.599998474121094,12382588
2025-12-10,3231.TW,147.5,42690066
2025-12-11,2308.TW,945.0,11239205
2025-12-11,2317.TW,226.0,56426793
2025-12-11,2330.TW,1470.0,28924982
2025-12-11,2382.TW,288.0,10861922
2025-12-11,2454.TW,1368.47216796875,8965596
2025-12-11,2603.TW,180.5,5562767
2025-12-11,2609.TW,50.70000076293945,11751280
2025-12-11,3231.TW,144.0,44947032
2025-12-12,2308.TW,938.0,9026719
2025-12-12,2317.TW,227.0,28800768
2025-12-12,2330.TW,1480.0,22107664
2025-12-12,2382.TW,286.5,6161744
2025-12-12,2454.TW,1378.281982421875,5029971
2025-12-12,2603.TW,183.0,9282473
2025-12-12,2609.TW,50.79999923706055,10235764
2025-12-12,3231.TW,143.5,23980922
2025-12-15,2308.TW,922.0,6527359
2025-12-15,2317.TW,221.5,41393524
2025-12-15,2330.TW,1450.0,25889058
2025-12-15,2382.TW,285.0,8298474
2025-12-15,2454.TW,1392.9967041015625,9540796
2025-12-15,2603.TW,183.5,7859404
2025-12-15,2609.TW,51.29999923706055,13064474
2025-12-15,3231.TW,141.5,34773100
2025-12-16,2308.TW,901.0,10227812
2025-12-16,2317.TW,218.0,59731441
2025-12-16,2330.TW,1435.0,32168064
2025-12-16,2382.TW,273.0,26216176
2025-12-16,2454.TW,1392.9967041015625,8922061
2025-12-16,2603.TW,183.5,7337726
2025-12-16,2609.TW,51.5,11462070
2025-12-16,3231.TW,139.0,31436186
2025-12-17,2308.TW,890.0,12462736
2025-12-17,2317.TW,216.5,41170423
2025-12-17,2330.TW,1430.0,30535812
2025-12-17,2382.TW,265.0,49191056
2025-12-17,2454.TW,1397.901611328125,8490679
2025-12-17,2603.TW,184.0,5816062
2025-12-17,2609.TW,51.599998474121094,16579984
2025-12-17,3231.TW,138.0,24606335
2025-12-18,2308.TW,891.0,6069232
2025-12-18,2317.TW,216.0,47662851
2025-12-18,2330.TW,1430.0,30534136
2025-12-18,2382.TW,260.0,26916273
2025-12-18,2454.TW,1392.9967041015625,5247800
2025-12-18,2603.TW,183.0,5104592
2025-12-18,2609.TW,50.70000076293945,12427604
2025-12-18,3231.TW,139.5,22658847
2025-12-19,2308.TW,911.0,12394315
2025-12-19,2317.TW,221.5,40816061
2025-12-19,2330.TW,1430.0,38763280
2025-12-19,2382.TW,265.0,21950230
2025-12-19,2454.TW,1383.1868896484375,8034656
2025-12-19,2603.TW,185.5,9415152
2025-12-19,2609.TW,52.29999923706055,48310597
2025-12-19,3231.TW,144.0,31811623
2025-12-22,2308.TW,953.0,13468014
2025-12-22,2317.TW,224.0,39334152
2025-12-22,2330.TW,1465.0,22661665
2025-12-22,2382.TW,267.0,18882439
2025-12-22,2454.TW,1373.3770751953125,5675053
2025-12-22,2603.TW,186.0,7829299
2025-12-22,2609.TW,52.70000076293945,10814339
2025-12-22,3231.TW,146.5,41060014
2025-12-23,2308.TW,943.0,5730016
2025-12-23,2317.TW,224.0,29072621
2025-12-23,2330.TW,1490.0,20739075
2025-12-23,2382.TW,264.5,17223183
2025-12-23,2454.TW,1363.5672607421875,5114619
2025-12-23,2603.TW,186.0,6638680
2025-12-23,2609.TW,52.79999923706055,7260764
2025-12-23,3231.TW,145.0,21131302
2025-12-24,2308.TW,955.0,4891620
2025-12-24,2317.TW,224.0,35691897
2025-12-24,2330.TW,1495.0,12987261
2025-12-24,2382.TW,264.0,14381521
2025-12-24,2454.TW,1353.7574462890625,3022674
2025-12-24,2603.TW,188.5,10832617
2025-12-24,2609.TW,55.29999923706055,45167074
2025-12-24,3231.TW,145.5,27471963
2025-12-26,2308.TW,956.0,3106463
2025-12-26,2317.TW,225.5,28309367
2025-12-26,2330.TW,1510.0,18823612
2025-12-26,2382.TW,263.0,15952492
2025-12-26,2454.TW,1358.662353515625,3000352
2025-12-26,2603.TW,191.0,14064762
2025-12-26,2609.TW,56.099998474121094,24158141
2025-12-26,3231.TW,146.5,13775314
2025-12-29,2308.TW,962.0,6073574
2025-12-29,2317.TW,231.0,56570767
2025-12-29,2330.TW,1530.0,21124648
2025-12-29,2382.TW,263.0,14325071
2025-12-29,2454.TW,1392.9967041015625,6343754
2025-12-29,2603.TW,190.5,8823659
2025-12-29,2609.TW,56.599998474121094,15708702
2025-12-29,3231.TW,146.0,21177407
2025-12-30,2308.TW,961.0,4433797
2025-12-30,2317.TW,228.0,35182695
2025-12-30,2330.TW,1520.0,20325400
2025-12-30,2382.TW,263.0,11968569
2025-12-30,2454.TW,1392.9967041015625,4276067
2025-12-30,2603.TW,191.0,6551432
2025-12-30,2609.TW,56.29999923706055,13146517
2025-12-30,3231.TW,147.0,23775242
2025-12-31,2308.TW,963.0,8863603
2025-12-31,2317.TW,230.5,40505358
2025-12-31,2330.TW,1550.0,29695967
2025-12-31,2382.TW,272.0,23869710
2025-12-31,2454.TW,1402.8065185546875,6354048
2025-12-31,2603.TW,190.0,7714341
2025-12-31,2609.TW,55.70000076293945,11054881
2025-12-31,3231.TW,150.5,52620220
2026-01-02,2308.TW,995.0,13024209
2026-01-02,2317.TW,232.0,57704460
2026-01-02,2330.TW,1585.0,37512761
2026-01-02,2382.TW,277.0,22740078
2026-01-02,2454.TW,1442.0458984375,11449412
2026-01-02,2603.TW,193.0,14963800
2026-01-02,2609.TW,56.0,12905268
2026-01-02,3231.TW,155.0,90498843
2026-01-05,2308.TW,1010.0,12466679
2026-01-05,2317.TW,234.5,63164221
2026-01-05,2330.TW,1670.0,66871820
2026-01-05,2382.TW,278.0,25469229
2026-01-05,2454.TW,1496.0,13343442
2026-01-05,2603.TW,190.0,9927799
2026-01-05,2609.TW,54.900001525878906,13220179
2026-01-05,3231.TW,155.0,56534317
2026-01-06,2308.TW,1050.0,16032166
2026-01-06,2317.TW,236.0,63939915
2026-01-06,2330.TW,1705.0,46751692
2026-01-06,2382.TW,282.0,23580699
2026-01-06,2454.TW,1485.0,7914854
2026-01-06,2603.TW,189.5,5823947
2026-01-06,2609.TW,55.5,15086111
2026-01-06,3231.TW,154.5,33492977
2026-01-07,2308.TW,1030.0,18172207
2026-01-07,2317.TW,238.5,82446725
2026-01-07,2330.TW,1675.0,49857449
2026-01-07,2382.TW,282.0,18766287
2026-01-07,2454.TW,1490.0,7065696
2026-01-07,2603.TW,195.5,19973330
2026-01-07,2609.TW,57.599998474121094,32449336
2026-01-07,3231.TW,158.5,76129144
2026-01-08,2308.TW,1010.0,9003951
2026-01-08,2317.TW,229.5,85561505
2026-01-08,2330.TW,1685.0,29215618
2026-01-08,2382.TW,273.0,23946237
2026-01-08,2454.TW,1445.0,8133244
2026-01-08,2603.TW,193.5,9530919
2026-01-08,2609.TW,56.29999923706055,21679102
2026-01-08,3231.TW,151.0,71226115
2026-01-09,2308.TW,1015.0,7391100
2026-01-09,2317.TW,230.5,36453268
2026-01-09,2330.TW,1680.0,37387656
2026-01-09,2382.TW,283.0,49358199
2026-01-09,2454.TW,1420.0,7989973
2026-01-09,2603.TW,193.5,10515876
2026-01-09,2609.TW,56.20000076293945,12962920
2026-01-09,3231.TW,149.0,52097183
2026-01-12,2308.TW,1055.0,11344658
2026-01-12,2317.TW,228.5,31525354
2026-01-12,2330.TW,1690.0,29987449
2026-01-12,2382.TW,280.5,20628829
2026-01-12,2454.TW,1445.0,4084929
2026-01-12,2603.TW,195.5,7249460
2026-01-12,2609.TW,56.099998474121094,10737162
2026-01-12,3231.TW,146.0,44415872
2026-01-13,2308.TW,1030.0,11474459
2026-01-13,2317.TW,226.5,42839849
2026-01-13,2330.TW,1710.0,30171800
2026-01-13,2382.TW,279.0,16835517
2026-01-13,2454.TW,1485.0,9900355
2026-01-13,2603.TW,195.0,11029293
2026-01-13,2609.TW,55.400001525878906,13653633
2026-01-13,3231.TW,143.5,33549092
2026-01-14,2308.TW,1060.0,8593128
2026-01-14,2317.TW,234.5,63677855
2026-01-14,2330.TW,1710.0,29100816
2026-01-14,2382.TW,286.0,27756504
2026-01-14,2454.TW,1500.0,6058106
2026-01-14,2603.TW,194.0,7307201
2026-01-14,2609.TW,55.400001525878906,8136420
2026-01-14,3231.TW,146.0,31055514
2026-01-15,2308.TW,1045.0,8172566
2026-01-15,2317.TW,233.5,34263022
2026-01-15,2330.TW,1690.0,36391886
2026-01-15,2382.TW,283.0,15472828
2026-01-15,2454.TW,1490.0,7795923
2026-01-15,2603.TW,195.0,5222686
2026-01-15,2609.TW,55.5,9173402
2026-01-15,3231.TW,143.5,28593265
2026-01-16,2308.TW,1125.0,22782095
2026-01-16,2317.TW,234.5,47340006
2026-01-16,2330.TW,1740.0,53551629
2026-01-16,2382.TW,289.5,23531351
2026-01-16,2454.TW,1505.0,10170235
2026-01-16,2603.TW,190.0,22744081
2026-01-16,2609.TW,54.5,22815015
2026-01-16,3231.TW,145.0,33463880
2026-01-19,2308.TW,1120.0,12008197
2026-01-19,2317.TW,229.5,51232322
2026-01-19,2330.TW,1760.0,29580038
2026-01-19,2382.TW,282.0,15902921
2026-01-19,2454.TW,1485.0,5649790
2026-01-19,2603.TW,187.5,14070947
2026-01-19,2609.TW,54.0,19429192
2026-01-19,3231.TW,138.5,114964070
2026-01-20,2308.TW,1130.0,7523386
2026-01-20,2317.TW,223.5,76844617
2026-01-20,2330.TW,1775.0,30877687
2026-01-20,2382.TW,277.5,13924096
2026-01-20,2454.TW,1485.0,5860441
2026-01-20,2603.TW,191.0,10760258
2026-01-20,2609.TW,55.099998474121094,17375093
2026-01-20,3231.TW,136.0,61128426
